x0,x1,x2,x3,x4,x5
0.7553617270483121,1.4601540111113918,-1.0496141044733756,1.0957425912900958,-0.7279198253671217,2.6775444924276255
-0.5373665623849315,2.736355520327705,1.0591706192567227,3.4360683109302137,-2.381032118264767,2.754885929518308
1.156565034717137,1.064833790247397,0.014894459018202006,2.683149953059257,0.8952513428136396,1.6461909297200843
0.5490142254808239,1.6324192277131198,0.7771448104930982,4.160109688222222,3.1620782611378546,4.173999719273189
-0.1381800570672887,-0.10306492563987626,6.574002627970832,5.119267837017843,2.6115229535681155,-3.3602291134011515
-1.637891658536461,-1.7375614111569113,7.632811467018213,4.897408188854028,0.9978026427458244,-2.4474349099529173
9.898139720816635,2.924577223155335,-0.6857049894822485,1.1316694346353875,5.1291369531451725,2.8236446635813173
-0.6391803665332491,-2.357817374508192,6.262166237110603,4.863618301711226,3.823238880487255,-3.3115626532377656
5.25597215291613,7.874445279589464,2.646520858207341,-1.9112908937372657,1.3636736746379017,6.113510033392904
-0.5634626711984453,-2.9717876649253583,6.327808410251442,5.111580657130209,3.561974912451635,-2.4907258261446006
0.24526616233252263,1.5467990367643647,-0.18216178976820976,3.0692585912029906,0.35058481075973763,2.817502544972985
-1.38528729488831,-2.1897610956908173,4.312292857623928,4.889161602086181,1.9203735687864383,-3.1859004043072727
4.513944966576355,10.254545943621862,4.158237134766293,-1.2490879818568443,-0.14088994716789013,7.066389935050008
-1.3374683928685427,-2.530385726150976,5.6083636716661305,4.948671821548926,3.5039362553316487,-1.88046731744245
-0.5061363197085034,1.4089836889009,-1.1096427185917472,2.09713815216948,-0.8920443878571317,1.6389522149499403
4.2480257366799465,9.381320832640446,4.372726104906156,-2.078020306996499,0.26224885885929866,7.761982525562244
4.10873491341353,8.495255333009768,2.246351853140604,-2.43839665499291,-0.171320248568951,7.669723589065107
4.477229683420155,8.690766707281792,2.4915671209475545,-1.8333419930995263,0.2882949727238889,6.271483930254008
8.101232775472601,1.9970509793278377,-1.7360718464951133,2.6916021653774136,4.543894264859429,3.9651335905723797
0.25538590032368264,0.9461253091505488,-0.345114941181888,2.6369690939881596,-1.4545437860622605,3.146306823114225
9.178683074464493,5.469171384768571,5.597270331659823,4.446749756338234,-1.714095278791186,3.2302615721549737
9.675409118931041,3.867356855740875,-3.8045131792870404,0.6305683105393007,4.03072231266785,3.1546967493453235
1.4185171334926119,-2.262904002009275,6.519669487429695,5.189278394059326,3.6778475392266508,-1.7283010879933727
8.803811854147535,3.328856393236878,-3.9801504590549874,0.4982710950711218,4.928462787935487,2.356675604235345
5.1945077241107915,8.623837328971751,3.48986577120201,-2.7828707119909235,-1.105273374770865,5.561428208472714
0.32427522542103326,1.915748831644897,0.6340813191922586,4.34078862606171,-1.7965897373504263,3.3113707629829108
4.873169846066834,8.265584750688827,3.0739014333119394,-3.2516977018686437,0.11474125348599458,7.697219508870347
-0.382211241717516,2.9816744167913836,-0.6483733711234537,2.3139457428024164,0.39522470549495,2.0627320832586404
4.9680844929986305,7.876608346990729,2.8926558314584603,-1.5845130034896895,1.338691156922019,6.528438080049026
11.464212440999221,4.326764477661508,-1.539683280119661,3.244225179936081,6.739455720828213,3.7811374758321605
7.758549139297873,0.10306240464582817,0.772860701867087,0.3980098151801643,10.883422739643494,-0.23634772777240443
9.13032674174496,3.2823846037600233,-0.49451771528865485,1.615174438188672,5.041401950214107,2.527300467629131
9.832799003545382,4.8467375775313375,-3.155089090439324,0.5800969971324095,4.201045227882337,1.0195657704339791
3.923988412855465,8.31116026226754,4.101744749203649,-1.1839707944783282,-0.2905053174536624,7.683521600896576
9.024868484016297,3.1812358927889792,-3.2926525241592497,-0.1815793345729262,3.3632252513929872,3.942002916936565
4.66829847954251,8.20386083208061,3.4397465490322077,-0.5588559205868096,-1.0412703862426649,5.517585213681945
2.143964484706836,1.363595595830949,-0.9390013587453026,2.0433300095775047,-1.130021573769814,1.147658007943524
9.167107003140226,4.038394008238651,-0.7012698913597961,0.28504314990394164,3.9133380089710803,3.0000990218518204
6.36882304735263,9.419168409661388,2.680080007912547,-2.5961342162538803,-0.08397416605089916,7.490232593266632
-1.187887780546845,-2.779761379779365,5.697900317841867,6.264188871439743,2.9592520265068476,-2.438218520918158
7.11030540180816,9.24149870457681,2.6909420196422595,-3.764235498204725,1.1118113071570845,5.923832263353118
8.50239163343766,4.133482028075179,-2.341328119763527,0.988448701773352,4.326710881533376,2.3594112472509066
1.3128987217666834,1.1706451435785592,-0.352331955079373,2.856598117773777,-1.3535219768672684,0.7733797279850227
8.187120969100608,4.363285389883975,-2.7233451687434655,1.6627818860209613,5.982656907272341,2.456527241170465
0.10009006636266952,1.7865310354291406,0.07103503716499868,2.726725316710928,-0.6101956325142003,2.349619773543462
4.017856028435154,8.526977592504235,3.2866756088608025,-2.9572463428933493,-1.1948078226025147,5.300841933839468
9.70704589413407,6.748644934483887,-1.8541074640831419,-0.8260454107319009,5.457516490126747,3.8602629714011956
1.1747825759406212,1.2474399066614328,-0.341862236020718,3.1598141777760334,-0.8521135012890895,1.9042230079973104
2.456543195963052,1.7650584273078627,-0.23817841767065248,1.7732294895920755,-1.576357911152745,1.2644340852074218
9.006464187197597,3.4426450163446116,-0.2955454496058423,-0.22832239508089014,4.0907398967671496,3.290544259479746
1.4799030054000775,2.764671501583881,-0.9622994987607834,3.327887568565155,0.3608144000051499,1.8956971447749806
5.134056084640792,9.929807678004535,2.5683270234102946,-1.2840715551785398,-1.305611908021134,6.276041733649547
5.832344714115871,7.435960983745374,2.7048484487748303,-1.8289529648471492,-0.7343808836885888,8.38493570541384
1.6311925041109838,0.9856122933377369,1.3809271800969185,2.8401269651531638,-0.7254039400833437,1.1813590314260398
-1.1790694377843882,-2.9219024199291534,4.458931099613339,3.60342991899198,2.8887861062441544,-1.2091264843164218
0.8052299425066701,3.6673082558975447,1.0178851258216908,3.675250329779563,-0.8817225903627842,1.6332705457266234
4.970728020525655,9.527719998465896,3.8721467768163573,-2.598476851697318,-1.5738600513807957,6.983004176579007
1.5378873817179246,1.4727659066680387,0.7680477989961741,2.6500540320222834,-0.10060325988422167,1.7866307082029795
4.3826073483225745,8.601630522545726,2.5899727114827598,-2.6412220720836332,-0.27774919608980997,7.616641775990377
0.7720027019605483,2.131977155867716,0.12675866990167403,3.1707272380958966,-2.065874455917208,2.17759371555339
5.348804620178064,9.67507160771339,3.314107292520774,-1.6371315811926255,-1.2657785333971823,7.040182159332544
1.5727291549776374,1.7054118233526294,-1.036952441568017,3.1602276612114353,-0.8892045238711517,2.8319008546926034
-1.5184770007804544,-1.9734899429024406,6.148320674650269,5.3128541721433225,3.6713791517973284,-2.4398405000910564
8.363140413071394,4.419660244812065,-2.7939366741048337,-1.7745368654343943,4.677986822792164,2.7590068061448036
-2.719835869197153,0.5399697026758232,4.243618057549526,-2.79054322441179,0.7036480071645839,4.196431472662173
0.6437659419076022,3.2305455256538744,-0.08642466478741805,1.854934738838413,-1.1004420977586111,1.3060843234712751
4.451160194371856,8.50623020268163,3.0856459623938375,-2.2761175049104216,0.5503463776411425,6.509613382983448
9.26320292299676,3.5843117997104375,-1.7605105318872205,1.3996491054189677,6.131151278286177,3.1029544169889114
9.625148863510391,4.37921565683347,-2.5476298785147864,0.5522024485773304,4.145423819631675,1.360290881129711
9.143793750952677,2.2595822087630077,-2.467428713758283,0.6701594233916517,5.220472320772682,2.003727903729801
0.1312906592093881,1.4498575407246639,-1.0509540188492352,4.060405283594306,0.3875055306167305,0.5785265094562457
5.2729726739936265,10.200219687200791,3.059607675061418,-1.179494308901934,2.1136095283940963,7.478479324037973
9.762669550438552,3.185210390029552,-1.2120985982723407,-0.4251631960622646,4.906319938061635,2.179108860494329
4.4845277863824125,6.808687835090022,3.948916379233839,-0.7677408161440912,-0.44254179627781576,6.796838634882212
-1.4089503500400025,-2.745261734750813,5.694723781539651,5.256831169296035,3.569379944324621,-2.4718882362012855
6.016852260805627,8.215950158527509,1.7057595089477302,-1.6953775429079587,-0.6539265075314719,7.25703317660591
9.121046949880684,4.496581670549927,-3.7144540537251567,1.156844243691478,3.0144036840979833,2.8244291055234196
0.039965656527406246,2.230971458533779,1.6607693472396459,-0.5338452249599592,5.501733381420831,3.6727382471208045
8.284153458672135,3.185527885554918,-2.9925556137638796,1.9340337599723358,5.7993933586204385,3.935674456385793
0.17688423739197834,-1.0685005095473192,7.745337988566025,5.820400690980007,2.543375663850363,-1.9468405357470138
6.052406632752083,9.168397039137202,2.8716644944197216,0.0007203983474252996,-0.8445115918388771,6.717051392346395
-0.4436724935363709,-2.6784616914040202,6.927684274078168,5.66507710147021,4.853765853897001,-2.5632288163902657
-1.093004029463359,-2.573866878876168,4.959787669143512,4.667850288683751,2.0014866559722746,-3.320776418393524
6.427480706417693,9.477957307588508,8.254385922293547,-0.4234255124997457,1.142968885724037,7.038671141899465
7.206472399612917,9.98934086306775,1.6571923974924805,4.044931834521603,-2.8028847140395303,-2.902593777753923
0.19180348615799153,-2.702661504712328,6.283829356834306,3.975120634489275,2.1161637656949535,-1.8946890399924603
1.7432163789795814,-0.5412294820479675,2.8992771769939694,8.113702770080629,3.50789725185673,4.5253234028426785
0.9057580672371958,-0.4331321167854153,0.16812395322988818,2.0504185425076042,0.2514703144409527,1.756840951330423
1.2213071442216141,-0.6577675905861423,1.1167916148422126,2.367527000970552,1.0391414214461232,2.1047271062293644
3.69286163275257,8.66013492197949,3.401999756903432,-2.7125990908418105,-1.1414612614250739,7.055469729372279
-0.8005250568600777,-2.3110423791603414,5.610111686493593,5.335315702623542,1.72879418097252,-2.014069995918496
5.147976460058525,9.362205081661356,4.365863847647378,-2.6166550421829515,-1.0226821030418596,6.283657631259967
5.42736628989974,8.418606476094384,3.8327633390382316,-3.0122067272681723,0.3844694067421701,6.3016088264885175
-0.9385599343026754,-1.7192339035629003,5.552487572343887,5.269970167218852,3.1020984408948036,-2.8910050237924882
5.404588345978239,8.930639091081433,4.006095245087488,-1.6751551020575353,-0.1879394172167797,6.285187925984576
8.841258273230627,3.3828648248976108,-3.0301561334635947,3.4007449694593186,4.611255174794218,5.351602053374453
9.594778595824586,4.368161695053457,-2.92378643619296,1.767476072520033,3.9643776525246714,4.107064236065135
-1.5731611228477345,-1.3084615824802146,5.56433498229217,4.840746606792999,3.464439257673962,-3.5604290693108878
-0.8932083471285274,-1.7766170365007812,6.568089049911397,3.567542849808038,3.7428764834563744,-2.2419635788830936
4.519098757864922,9.932733216204179,1.6665892745686417,-3.1958049171597156,0.10927791647100189,7.0203082223778175
-0.9648625495786336,-2.461434064344645,5.15192008315872,6.079880191109825,2.7200121163620428,-3.491787725217788
8.726505699469268,5.0639434462280635,-1.6885039313115544,0.1143377383437687,5.25110659900152,3.8097182650878447
8.95214848667088,3.6616919335365523,-1.3690255101689022,0.36650331079547704,4.29942217348536,3.681469385409354
1.1011259142332235,2.0410307331527076,-0.06962521285725227,4.5825760716412125,0.2292547450008174,2.6704067766023876
-0.9724969300973163,-0.15032077129943064,6.943607307230058,5.251082993389337,2.3198238146790158,-3.2484826247929943
8.2953912658122,3.2033416856459054,-2.1401979797095807,2.2637611619017806,5.745445039784717,2.977422393502744
0.3799374296873539,2.823585265624655,0.14139782505298756,4.108992560705793,0.28958518814037343,0.7015459507640788
-0.9698265237049496,-1.6811081143245477,5.442002509122998,5.111396919768293,3.7726313309050052,-3.4678106985717787
-2.3121790731842364,-1.5178934219574818,5.3125386300982145,4.1992582308174065,3.2318771308520247,-2.325108066924094
4.543748745770827,8.05671342850972,3.02712217894587,-2.952326188539592,0.7407800805716934,6.927139311717578
-1.1361589179825635,-3.537841467946588,5.129435947298942,4.880614865439863,1.5648989812716576,-3.499099852753978
8.034580490284448,3.733869598691332,-2.987932607905921,1.0643725708722307,3.2195428479934867,3.3410385105075475
5.383606038401287,9.58315295565636,2.4461193806129646,-2.527231419910916,-0.4592805402268787,7.429131119913075
4.817382685983107,9.842884621094484,2.48071622467622,8.829305281816458,-2.996627756749869,-0.6407949915714211
4.070347343794973,10.265693401042855,2.6804276076217177,-1.8966500213346316,-0.050619167917532695,6.472201086996828
-2.8848761605555184,7.3051500207191955,-0.8699295831267686,9.7712147079944,9.499143154258402,6.1546160491696025
-2.267907156370891,-2.2489067068570607,6.800220277127125,5.8733714450686945,4.257091297514672,-2.912692271613621
0.551249763571806,-1.9565581703546333,6.440590348507579,5.604340664897833,3.9825386315990925,-2.10570920089656
0.03118322752047724,0.9562209976080802,-0.26632657891519634,3.9894396493642064,-1.9285611218168601,3.0020244553495448
0.7290675008911865,-0.6360562282309873,-0.10886562934805012,4.012162949204276,-0.9941406068791935,2.6438275521205705
7.5584801730361715,3.476100171656073,-0.5529893332251932,2.3283905454118123,5.45568702891469,3.663099246740173
3.930745199748064,10.069325886207187,4.2389114360192295,-1.7438267376409369,0.9770359565481185,7.107166704464189
4.9127812640292285,9.027500247221168,3.128471546537408,-0.9102940770519367,-0.1891590693886875,6.904304300504983
-1.0989068234481942,-2.425349783678087,4.897541077748507,3.122444483619633,2.1459900780787824,-1.9252465174259028
0.41543361018655167,2.369505453704249,-0.46793991104328636,2.5571369361462186,-0.8364117851202131,0.4616213193129701
9.284933069684811,3.7756786881673667,-2.6043182812748378,0.011814076764193104,6.509623959965678,4.31547104537
-2.109768232807751,-2.5758504991560676,5.112630631830857,5.503907723537091,2.9965075589215666,-1.4015841559997742
7.539731985416431,2.1885479162374613,-0.13901295981638873,1.129683909565276,5.4043354776306085,2.087705036817247
1.4747834428120135,1.7646809264127175,1.5170988824028158,3.3075303452678435,-1.940116797871044,0.4368652323103769
7.306915184169053,4.695737498510618,-1.9020367355238734,0.6619619590900538,4.606447126750861,3.9099957821212326
8.195201251425114,4.548850425808828,-0.227312731525954,1.3875118082723767,4.56084072912312,2.948580445593158
0.8575625067364085,1.9767609334564773,0.3904969320014788,3.6046979174564004,-1.9891565385144838,1.2691235612507918
5.030033473189457,9.873444271259716,2.9438237107859067,-4.0178223339903605,-0.12157390585283111,7.848115054937016
-1.9718387816217677,-2.274950689869156,6.37136639981189,5.174732594898027,1.8587504776261434,-3.5503764708263
0.6429295189050638,1.7608018731911506,0.002529464117510843,4.4209052189510265,-2.410937014443194,1.6269592467146874
-1.7056133989933906,-1.1816947183457838,6.10002949574651,3.717624559126755,3.3823554300918617,-3.7909410071816128
0.7081356548644819,2.8405506494915627,0.43964520520791844,5.125450299604221,-1.2957958136460663,0.2215995970512502
0.06373744459515052,2.2163823891549073,-1.636416390597433,1.1336284315321163,-1.0735039277667855,2.489041612050281
-1.0475777792505754,-3.324256816760089,6.905144765093214,4.60873289458386,3.0288498308203704,-3.027905013157381
2.234905161915134,2.5465209083150655,1.6986023090049738,3.1075522691382136,-1.155989038825493,2.546576627024036
-0.4911739571727643,-1.4053625225758948,6.421061851375432,4.894507644153151,1.8604705697837944,-3.271524493688931
5.956425110469367,7.784824175349348,3.403665451581912,-1.498769309330446,-0.9916498288641915,5.797703513054088
8.076527583158166,2.841005399476005,-1.2904638292735595,1.6177501780872843,3.6923955193196476,1.1704449535675374
-1.92564616327472,-1.7526843147907887,6.7032844200078054,4.824077630533587,2.781527322634762,-2.2084153999975165
-1.4226782981394919,-1.226192456514831,5.48114984866041,5.30815179367901,2.565290892018342,-3.781840434489745
2.4078425670514276,2.369923989336855,0.0356314768001541,2.0052692209644905,-2.0457392424906202,1.7219832215548085
11.136520745290102,2.736291706020998,-2.9341477131078446,1.6139584082708138,6.254313532938639,2.7992050031313758
11.060822801135346,4.571247659588497,-1.355810139462449,-0.5645830261135425,3.887369438761861,2.967309682998797
-0.2910188076647182,1.0484004645427427,-0.3889113383916483,4.408157767044675,-1.222075595888988,1.57828796948162
5.594921420432138,8.836098668908226,3.025116692426221,-0.7139373548803915,-0.01644844588040575,7.231346938494981
1.2348001582138874,2.267414616907464,-2.537937838803079,3.524203312189348,0.7688073155498761,2.485802233092761
5.463477407805421,10.129621502834599,2.497485008664657,-1.920852970376893,0.27068595354876773,6.205937594616942
2.467600999513808,4.177812559709417,1.1878746035989325,3.6544491699582258,-0.8560316298035661,0.6218947431349601
0.3972413507604457,1.639038199769221,-0.19507951483755467,3.206739915122067,-1.0275211175531205,3.055729280443136
7.489040311272575,10.140198340899072,-2.245423934486957,-2.82948230416842,6.258733593706977,1.0509337431114472
-1.902581733559153,-0.8123601510262087,5.762845511960932,5.086625273000478,4.097759896697977,-3.4123332484058664
7.55794045814179,2.1227758931947043,-0.5248386525933122,0.21138530223736973,5.6702116556333095,3.071763430715052
-1.0625465613983514,-1.169299893372243,5.651713599444788,5.864991386635622,3.8328021344001595,-1.8738958413084212
0.5692780901222251,1.6124720958359489,0.7178425649997787,2.1117672082482124,-1.7921981717400945,0.8657171377907659
-1.6050804088299044,-2.110589703769426,3.448746681901063,5.609070069855854,3.6006726462271206,-1.9957579412490292
-1.9171057822275106,-2.5453604238678267,3.053131466658666,4.715868219199755,3.7602350532561197,-4.416685764558367
5.009778838732135,8.042667526172483,2.787551589985167,-0.9039185171117032,0.9594396583372685,6.974178484717906
-1.954331356439248,-2.5653647412035463,4.472728404603886,4.976370761719767,1.2094790468431191,-2.5874569458879972
4.085328807132911,9.069979002944592,3.1864343612235873,-2.5744518268946113,-0.4702850439264002,7.184488679012971
0.30536309718264,-1.2088848459040065,6.831946749281239,4.7875612536512415,1.505787138380778,-4.298763968109649
1.1218622342352502,0.4984051214876346,2.2766080549165397,3.5619774710308967,-0.3969099638873629,3.229235977305844
-1.5913589367380416,-0.019841866071741838,7.039616281849552,5.445423925122943,2.970668332442995,-2.5794391720783145
4.410096077201633,8.3326521210139,1.1871583246805737,-2.2806225644812432,-0.18217569186860227,7.572394477415588
8.81950834101026,3.0735109352997565,-0.31369642579713597,0.6562098625597407,5.161039507812854,4.217289733922767
4.671585213816216,10.45511882576026,3.941747970547471,-1.8906026820806154,-1.8433695487551736,6.711192621397944
-1.3954560939151504,-1.3165107755318575,6.062453763778764,7.165170736259613,1.2884491489685104,-2.733634283039037
8.13696509291701,2.377066997318762,-2.74119340026308,0.3557181825514506,4.867434322655103,2.6274311576235507
-1.5186547924496507,-2.9271703080929887,6.348973658285167,4.347777596049693,2.7371753134406753,-3.370665133934487
0.3076209779572587,1.7648038464936788,-0.2964952233829111,2.5372627351313306,-0.7547357567611811,0.3261984023261829
-0.7889249018705397,-2.64025757772099,6.821606668964708,4.335754392164909,2.08525902259541,-2.902313111625417
4.331448795983971,9.87777615328515,3.6937499302621912,-2.3978834971312746,0.46116107609793816,5.7931552254297145
4.388650570689723,9.700939145354461,2.432455074137219,-1.4843236540678586,-0.3059619181354322,5.419229360086704
4.672159004965174,9.626686968419225,1.8236083590149994,-3.010215820558851,-0.6206998585331871,7.063171236534467
8.995996858164816,3.750824162056042,-0.3934526137116652,0.10243331499963315,4.6673451819217275,4.267639376060458
8.617224817821679,2.959749733009194,-1.3350445422642836,0.011836652329590858,3.3788805229438204,2.6742742232629118
0.028144761590332853,0.9865172820555053,-0.14466369718067748,3.932262574380857,-1.036680264861959,2.170308781915335
-0.5023604121865852,2.14388897061276,-0.7795760388240888,0.08450604755393784,-0.5026893484086902,1.0027468656946745
7.880726684752508,4.9806083548667575,-3.0964013645051107,2.094575820454325,5.627704757481705,4.358901514739538
-0.516230624587243,0.14177225903712273,1.3857666864082907,3.9953144873255453,1.003416997190021,2.0098320370161997
1.5972904251439068,2.4172999145127934,0.32461125812369646,3.03071878336042,-0.2921139757144727,-0.6223051978404751
7.882230074014856,10.39949934400072,6.755137195500778,5.344422253297216,3.4454064594505684,2.101738123935646
4.302393181875702,10.065869773306932,8.284231064442967,6.701605112831343,-2.929642952885633,2.989528392935499
0.8952484034253013,0.7468494249946817,0.9499901419187777,5.475650727483597,-1.4635074487201227,1.7098773042392816
9.311448155824712,3.880564126056281,-1.8844020029362798,-0.11640477995003207,4.706261913441925,1.7117943930174806
2.415017949867688,1.4776248375037733,1.0069934582685591,4.650530386974405,-1.2293576542486173,1.6962245427351252
5.3334412595864915,9.933696630402638,2.981559555131627,-0.9771398656485002,0.866399950813495,6.138895050078353
5.143931495637133,9.670264428183584,2.9184042266912544,-2.673946104101061,0.6006982235210656,7.523544821684497
4.826781441971061,8.248606767454394,4.066041174132102,-1.2568543891742279,-0.48392541114253984,7.398230647534222
-0.9510110465328668,-2.444273117911385,5.457953899766263,5.293376117669331,3.8616108553805684,-3.596043008307237
2.3366973169114535,1.782471393725159,-2.103979350091638,1.7699414398653843,-1.867129783961674,1.438463629295532
-0.763711207694347,-1.1046726965018534,6.877820880258605,4.542348487175909,3.372216191220864,-2.674235976398066
8.458314397704319,4.340867845125827,-2.3481825709626203,1.2206849451298414,4.924028920541686,2.627508120129853
8.849359279718476,4.322415982711127,-0.3809907127126986,0.845385858453094,5.791029859957903,3.4113958771583612
-0.5418176774189667,-2.8495275205114736,6.194629718313146,4.983964838566698,2.3811175019730553,-3.8935117490212545
8.695852464312196,3.01627389533898,-1.5372572832956983,-2.045928831081612,5.71572633905681,3.119476340975714
9.786604108616077,3.4577622819721703,-1.1768058973071134,1.6831909103653127,5.15529984148244,1.165608693719417
-1.7256843786986307,-2.595673834516434,4.545279632020459,5.372808679426661,2.0106203069053614,-3.304231598453715
9.674728546063506,3.8404347180079488,-1.3602405582177557,0.7499415442081023,5.573472986945206,3.7282358290884483
1.9420665136057076,5.9092178799342685,7.517823637128442,6.499238972781801,-0.22225858329012183,3.9158205220088766
1.1074554581616969,-2.5321480741291675,8.421491914354133,3.3053649825461116,1.5518609976037019,3.5955449699685547
7.5938687415605735,6.336675413578944,0.2763944542962442,5.233207441965768,4.989655262075871,3.779726773536157
1.0686144049134167,1.8381804993636208,-1.101583860068853,3.608127254454949,-0.6314945302669388,2.1518221928054895
5.039462532635875,9.577957588176783,2.7077753134368923,-0.08962583558021418,0.1440568301567852,6.78165334381959
5.6853899371763665,9.31843857320741,3.3156639883873753,-2.3406044837212723,0.3603965790224278,6.790593367823124
1.193110663036163,2.8721210362569094,0.4001574351612711,3.9368184152755017,-0.8456843428960625,1.729656433532206
1.1871648376123476,3.4780484517863943,-1.585230099725974,3.269916694530537,-1.6350452024249522,1.1521221187205637
0.9620187451191611,3.7382952360143507,-0.09167705492909149,3.6519694242901766,-0.9908452884495514,2.358024906575424
8.916831289197965,5.2117242984706875,-2.965360544380214,2.6785759531740876,5.909810222453572,1.5353979367493757
0.39942309938105625,2.0933955531203927,1.153793027784874,3.5697854412348393,-0.5422907103775125,3.4675237732970565
7.716854991553744,5.317282807777585,-1.1077502842463747,1.2717956851323369,4.496843095725732,1.5884338448160429
0.52504193920754,-1.6863230297004894,6.547963205643412,4.081851517949466,3.4337997489826044,-1.4885021651589372
4.179305515224419,9.049865079695298,3.085735932207677,-2.862810193091678,-0.1402356239232103,7.319454081375305
1.2437583196176951,2.271726436744349,-0.9646711220092308,2.844048637403493,0.3394117851825284,0.6784970946193144
4.117452495013525,9.656442802310318,3.147447251262483,-2.33602218183533,-1.523739754772371,8.15552975604407
8.884863396508702,3.0883235391981163,-1.3628309292984966,-0.3382066555043792,6.062333662420059,2.9266948429104427
3.999040690693058,7.773985378536269,4.263550313355887,-2.489407711603668,0.9087582767550576,6.876801867841735
4.895259355899099,9.902591826615069,2.2993260748039117,-2.6446397239073636,0.8082196694688126,6.964510835590751
-1.5094125989959413,-1.3819078672639595,5.123571275831423,6.777357274328189,3.8106367555328267,-2.7035700488044943
-1.511559839571416,-2.687819152450394,7.072578056042739,5.110884552725981,4.333938514114974,-3.6034780907121693
-0.49256727751011564,-2.0329524810720736,5.386761649810514,5.465513789706361,3.10448231088574,-3.5858544354254067
-1.3005909577218973,-2.2480842717687968,5.429810733163762,4.013054468386762,3.010629242371611,-2.778315307435346
4.870436146446938,9.350730159597315,2.2928009146028474,-1.8940022852034835,-0.30519153185927417,5.943605245275975
4.834412328721305,8.175179779882153,3.657880376716603,-2.6695842835516697,0.4415714074654621,6.724721577390134
8.155883382833874,3.7438594059645736,-4.364902425390615,1.7115159902687391,6.227151674122792,3.4543637074986595
-1.2059637838889283,-2.8981683039489456,6.582290482322433,3.051858924771901,3.2387514213681396,-2.0214041897429147
-2.1504610681184797,-1.8839297453674364,7.234976597632791,3.142487501484935,3.8218871967827557,-1.6385506653152755
8.377872162743286,3.446312257970336,-1.0984487434252355,2.0601477052026596,5.033725391762127,4.883082253069734
8.400125831399185,5.098329200694048,-2.9004292254644897,1.5921019610431433,4.182716249966923,3.77578565679322
3.9854905560197498,8.865392692409968,3.054697252774127,-3.397173380463227,0.26531813370061025,6.162273945047788
0.45446954871666123,-1.34683359050814,7.631626073074197,5.302221057535581,2.034170297122546,-2.30114100225412
8.406283941464638,5.108266822828932,-2.5680562876614648,2.0751803969737295,5.0803064570694545,2.341148750202703
0.4783275620685481,-2.90219871421625,5.143470448311869,4.999004500237469,2.1809586711973497,-5.307016261733902
5.218408573995508,7.340287969962906,2.926434573916587,-1.9871797741638717,0.6356803063561691,7.7788977995422774
10.690023845417944,3.614617598937322,-2.5582085328318196,0.8179255299080735,4.9180482149369045,4.0908226678555195
0.42733940888972693,1.1648594360560514,0.12788302105831045,3.5172311354988137,-0.33206247606118866,2.8989349803003357
-1.1904334847767641,-3.188004800753639,6.857722199861274,6.197673310965383,2.2028119354021363,-2.3745042426292153
1.5816676324632153,0.9940970656892057,1.5296691749798224,2.9876555105703586,-0.34475602381314296,1.7094579826280523
4.049787808065979,8.68214139795891,3.427491918909107,-1.9271251149952695,-0.6812319838234551,7.005018524947535
9.829213940826255,4.922785096170867,-2.2409671317120163,1.2867928975441973,5.574320494074713,2.8732174056215882
9.214807522877017,2.5689813519206046,-1.4342830204471304,0.5648363373718006,3.5634572659557655,2.4200264008591756
4.2160595401742045,7.434129128692808,2.4654855613377866,-1.8452964384606727,-1.0785416363419922,7.0125457891773
7.189202399440365,4.483063359261323,-3.795936551336686,0.33882436517173475,5.865558448757242,3.6575984817044915
-1.658548067902651,-1.8319912162213217,6.088816523476265,4.657784440014993,2.571422031605425,-3.2131791829162033
-0.24936623915678602,2.572768591778643,0.7508055659395944,4.479321445727015,-0.602401603070142,2.0013156507723346
-2.5716850164873426,-2.237622292275839,6.001589656308095,3.470953139617188,2.612424464716539,-3.8256740854959563
0.9410369418471409,2.2950750266756983,-0.08133662800659715,3.8795866644578965,-1.2349846886163187,0.2033513616157249
-0.7632812700780084,-1.336065133508216,5.553946226607287,5.336152297899064,3.441515848937062,-4.091284299705585
-0.9811114763458935,-1.0784825516008538,5.576453126273163,5.9888074550326404,2.1862371692560214,-3.695163318012151
-2.0133250652135373,-1.8896815232294044,3.7564120382353514,5.144387001336488,3.029602598860359,-2.0903963607523908
10.169394073696258,3.8074837761574467,-1.6015561366433182,1.4372310975470408,3.4877244072589253,2.100625872845346
4.954367066517647,9.947189954557512,3.2734601711639733,-2.0480300333508517,-0.48155555354814167,6.493414882628018
1.8238753191072468,2.9660401300848487,-0.20235015274252313,4.462920607760082,-1.2402131987451388,2.30307414399271
5.119564871730647,9.61660016769503,4.905370825386037,-1.3382111138740616,0.9278719731106755,6.595227040809716
1.5956105092216613,2.5740632958643834,0.2552310103705496,5.247136056320847,-1.1242466649751397,1.7429243892512705
5.159688334722226,9.875343638017181,3.383202514714207,-2.6890476637576866,1.7428497391933295,7.155466770670587
0.9576388005335835,-2.1840379744909835,5.979904319721006,4.2935967364509695,2.6689254740759063,-3.8766833651435237
7.022929026089644,5.084133087477801,-1.7704488597384591,0.9522975305153837,5.232657204812953,6.2261316589197016
5.576797562324509,8.563851004218943,5.341816073978664,-2.795484052504699,-0.7371608187431371,6.547685623771679
0.10329248604357635,2.884805869678893,-1.0310927140488193,2.5459531641555304,-0.4330766241583354,0.16451165151206118
0.9295852668910618,1.9197891834200898,0.2823893309775488,4.089621516380313,-0.028798026405465357,1.4789890708972104
8.607478295071202,3.39086523078619,-0.36120806866607413,1.6100587675562035,5.2574300760580135,2.0292393365974495
1.9305326287770022,2.2568103563989266,0.35908499591152504,3.5900435215860838,-0.6586472153596155,3.448166755225954
-1.2619784774131686,-2.7187499755858076,5.893516954883293,5.853605416875133,2.770167500872395,-3.9389742847670024
4.732157610044398,7.56486310944643,2.5466359135559578,-2.4798571151336493,-0.5257079698224464,6.441824876881404
0.8720330509105991,3.2665330775584502,0.358825665260014,2.559684690300815,-2.391545907649809,3.037650096640578
10.13938101483562,4.41802617841187,-1.48643157264662,2.8670371088112274,4.5655192874503525,1.4842896615987575
2.682653797454065,0.21290405924061637,0.7717261482011124,2.220042352202281,-1.4434745975019574,2.5124728402109318
1.353337898019385,3.431453010108355,-0.4137091816403643,1.6268376871166859,-1.6280863917542985,2.6815402401818647
4.460967915472419,9.766029730623814,0.8299099489516496,-2.119564554531991,-1.1446649612997375,6.61875695885318
1.7651848304181115,1.5909851528435175,0.29588427030856085,3.025022624165946,-1.0678416511804893,2.631163094077009
9.456967364533469,5.3129026539197834,-1.4399848525920733,-1.0190192250408825,4.63046915374364,2.9583915422689393
-0.9963775828637754,-2.077512984927654,6.623957725077483,5.6505507635036425,2.2188858405053935,-3.425182338388246
1.0024168066793009,-0.43165162073449687,0.41902561488692885,4.20858679165447,-0.643032995860581,0.8175246878203604
4.699705809374099,3.885068856731353,4.916389125037515,7.017083364695803,-1.4652052783518437,7.494760530086332
0.1329295071511108,-2.7848190752793385,5.591071836094723,4.434973094620092,1.5473702204971624,-3.84416357931231
9.67982034582897,4.137519572723685,-1.6017322278206743,1.215507023184109,5.205014772870928,3.8005538880867444
1.0864527777562785,2.3148179545282606,0.18283428143208666,3.4470980163902185,-1.8806106280592862,0.6940042515469925
-0.19987510442153367,-1.1682069411165232,6.461362900398261,4.838364318077773,8.05543059309858,7.343270701101611
4.745791284786083,9.093262809609971,3.857212748464831,-3.205227224152319,-1.5724447131812043,6.530307783503882
-0.27096735190178267,-3.4727502518584585,7.605924228683464,5.586412801269253,2.104251656807017,-2.127543463358819
4.656921659515142,9.332669469028849,3.4801703725954223,-1.2336543558274526,1.4460868062154106,7.40492612436857
4.319509397638441,8.56719450737368,3.6045326709954515,-2.177510617033815,-1.079818455504985,8.414535434447826
-0.28964520861696263,2.010735413660141,0.9250938846186765,2.4127417736213483,-1.207839204887797,2.6163584635984183
5.429929602256305,9.51384098800894,1.6445952832039377,-1.1947147671738976,-0.45575917034058516,6.713737653246986
-1.2826179397469155,-2.0278741642807496,5.902104826144353,4.881013852555285,2.726346798303954,-3.6672584657472345
3.699564773150351,6.994742743570627,3.2379696424942535,-1.8884017630820327,-0.2278695501937611,6.915044727968198
9.178655481012912,4.435084397966274,-0.045702761974688366,2.244652781535301,5.030925417782499,2.5688531168180626
7.162422051524067,8.815470666688233,3.8825740576429264,-0.8464460784379193,0.17517113268478007,6.326542694505478
6.761611139727693,8.715126361104756,3.0876572640622864,-2.3331507465984203,0.0015814758046486207,8.22629868450905
-0.33033237902149587,0.981727749862752,-0.2435585215751431,3.803330565402917,-2.644726918647691,1.95067222857427
0.5732387590783194,3.1933682068567104,-1.509217626572329,3.08328655394426,-1.3542484936137344,3.3228190336495596
-0.5752670392825673,-0.929122237732344,5.847036803467211,5.554477555453997,2.5488489950696467,-3.8953103769686432
-1.3224579615721892,-1.959308896334913,3.945964458807792,5.390402930599298,4.452941151983889,-2.4464208672192496
1.764109821948898,1.9052867287268591,-1.1822536314711598,3.7684277060781617,-1.499987945417892,1.2154897290468032
4.671180050797462,9.81729838725843,2.6969921307175255,-0.33387174231216177,0.34468993521202995,5.979453872003415
4.670016790489651,8.40904200133635,1.6983960633066009,-0.3819278155444148,1.0020325848233846,6.376784462784012
-1.5978529907764718,-2.6542074097443864,4.857852972929615,5.72589393702949,2.4001819146330017,-3.68944123071148
8.529696857396038,2.375218640602738,-1.808507148326826,0.10647351504667868,8.092641278462683,1.5355577665863325
10.008902055390527,3.0475647692095995,-1.8464513616792584,1.142503822576166,5.8496194674507045,2.5561416495506633
1.629118277725506,1.7808405896882948,0.013828298303978461,2.4795600713423163,-0.5722556734252091,2.178826565943263
-1.3841895889403535,3.216352613110509,0.8205887905578025,1.4399545241505771,-2.858396915842198,0.2456918451512613
-1.6562561969231744,-0.5320248688115006,4.856518201047714,5.891221881765475,3.458292667530099,-0.9513975559640871
-1.663504469111738,-1.074339585989089,4.666185355842804,4.795253194612673,1.7595056876282336,-2.2043985148132563
-1.7533742142465982,-0.4264685037487503,6.312217042786806,4.646376561546762,3.3644091114185617,-2.992178590966515
-0.4535279183382481,-1.7897671792399987,6.125570927774596,4.809710385680426,4.19384441353056,-1.5861194888959518
-0.6931055093543715,-2.305672505073827,7.586631316832737,6.358887217751161,4.937504226323657,-3.591165895732797
4.272984263353622,10.347619867682761,3.6738378616111222,-1.9814432171541,1.0808126019896003,5.789976827760899
2.2114566790574064,2.719179390969415,-0.755047126872272,3.3677987550349515,0.48639164227301623,3.686525678927032
0.09315937480597199,1.1243712026078776,1.091675456303569,1.873418082274432,-0.6731359315378568,2.4675916967969562
-0.5333930298803445,-1.1144751889820805,5.532170208205398,4.8247723738057715,4.392544426223553,-2.492672261000044
4.767294615835272,2.920270558534904,4.920521899144154,2.11632078514583,10.10604869604958,-2.2313315272491594
1.572613637841033,1.5403742572212535,-0.107336226231223,3.2462344347055048,-1.81440273344308,1.128702540503794
7.617065049683219,2.8190965484291945,-3.0069732718019146,0.6872841999826236,5.650459960737697,3.4339898250067042
3.0517501345736893,9.547330566887164,2.3481951977411617,-1.8590796384898463,-0.9998562716714914,6.787809967623838
8.095694186505341,3.905517685855513,-1.1811962242627367,1.157957602780954,6.730851545869974,2.1650496317123222
1.762406487081677,1.8233051995771647,1.2436055077067454,4.685718561217911,-2.8394436654299056,2.839061076559651
-2.3656398984250115,-2.3167714319421973,7.00726669225955,3.9202375821489777,2.706432741306852,-1.5527520310336307
-1.0985234548223886,-1.6822855260726644,6.017159597594791,5.134207009247314,1.847394635044376,-3.780267166258335
-0.13548419525533886,3.7908281938191717,0.47689262674798044,3.3710110858710407,0.43024797732313397,2.230632012838641
-2.956296881010265,1.2491417482935605,-1.479496367149104,3.619106834222162,6.479784840034627,9.24307413053308
-0.8956812841384942,-2.0124945487596517,7.566386424564828,3.840308115572342,2.9065230570290406,-3.8071626239536323
10.138554973121375,-1.2847320044806863,-0.0316100929687948,-2.586412439439094,3.0750934948392326,0.8896605939051601
-1.5842675032372517,-0.8197530988063177,7.915466950300964,4.605921831133625,2.8579690412766494,-2.2840323934822684
9.002238750924302,5.766310607055874,-3.1961868702359317,0.693196485551405,5.120861879026398,2.1312082528404943
-1.598606555516275,-1.8741453607678613,6.75685489539598,5.070683154806896,2.971628498936283,-1.9711786529590478
0.27440364987185994,1.9429641491312122,-0.8801821894882723,2.9984414715969536,-1.122704512313038,2.9543563147104943
-0.6294061428954326,-2.1628050243269037,6.6203187770737815,3.9052993181637934,3.0482375438222786,-4.518401855688951
0.4451928892290576,1.096704909495378,-0.4830507990747258,3.6444996282729893,-1.5356770578480623,1.9683620957613648
9.806582095410736,2.3885325691614527,-1.7914951788367575,0.840384174751788,7.677977276169878,3.064694439096371
9.004499548768525,3.7573712121998435,-2.2243821098913363,2.021101572906108,3.179852178004171,2.4855138966425776
9.026327833942648,4.7334528831410845,-3.328579657723987,0.9886548102247197,3.434375543610548,4.025917985719278
7.478639547257006,8.793459889574853,3.40809948900006,-2.5194918556911046,0.23618606003248252,6.809413059955506
5.690034787692136,7.64402124918671,3.656185918644787,-1.346155037009339,0.7632680817253025,7.974784171897349
5.557058289664258,9.22303984990837,2.8330653030236275,-2.250134756585886,0.6863190602330744,7.442855624854235
-0.8473879758166377,-2.4305338797664704,4.944145332462034,5.920137440109132,3.788308578995956,-3.548557556257368
0.6835851292598857,2.052728423788118,0.047086693040234884,3.441745650556286,-2.1571141764220094,1.9664188325780285
9.881584984388564,3.9858792780665673,-2.158673505479252,2.2523670966607754,5.553768462815432,2.6475757449362725
4.60989326323603,7.850996908057506,3.5551385865530065,-1.4267285281922784,-1.3842101843874761,8.067108596400459
8.082961010562881,3.6598570946467874,4.5127259162969136,7.79590467439151,6.257714287711281,2.7308288923534967
4.818315193775259,8.886593956777968,3.1084507331317672,-1.417185085188371,0.5100846497849669,7.207015844195137
3.791967030411798,8.82356941667477,2.8450356961560304,-1.5677696447714438,0.17862473060429643,6.041286300038364
3.734057620781088,9.653469609144786,1.895521035280279,-2.3489243532059882,-0.20609638840879524,6.944293237359913
-0.5212149286099939,-0.9683500019840743,4.012764397988321,5.604851591350093,3.732465944042897,-3.4734631479344107
9.214534427029214,5.747554907623263,-2.217618180171481,0.8337311062796217,6.098153027736738,2.6201885615149125
7.989378829210594,5.760989585225352,-2.7923688948043104,1.3390544511329787,6.314151811347785,2.558394776578979
4.2850031847330285,8.689628024874038,2.8590931971592175,-4.319611103894785,1.337078060349981,6.27889945608226
5.143697818105538,10.076118096361931,3.2877911801014306,-2.398907116630761,-0.760947496310365,6.726542543803092
0.3112998705957765,2.0056560724026857,-2.190758747258333,1.640792779124792,-1.0999169862464389,2.109129214793538
6.51745375307958,8.632914871505907,-2.417656612409427,-2.6764506414509093,2.22209939829985,-0.9169640261118597
-0.3049078168627873,-3.028999695296251,6.399592827816339,4.9307879161283665,3.8760565199303563,-2.4485195392178176
-0.6038261048475887,-2.512849888410771,4.193040444675006,4.91778451492176,3.1442415359129186,-3.9764109243897696
-0.08891557450496594,-3.1065407044342317,5.4426950507411265,4.112156600729252,3.288841043200382,-4.318900615080427
1.3386895993280645,2.2800943081563405,0.11979621221756663,2.880981251288955,-2.432929175014895,2.7867592255144906
1.0856408704142178,1.3263084788413357,0.6752582190728532,3.5393087524016695,-2.202407529971912,1.6497539146226297
2.3620100519255227,3.333364213557425,-2.0380634814565046,2.1583498531410434,-3.047398087440126,0.9258119530084723
3.9313100766651092,9.579309247451597,4.032606739297942,0.0703271788245478,-0.9597802120721708,7.559135748064631
10.993072655919232,8.693210071844208,9.508426758339622,8.525169029450993,-1.5574162919662424,0.18427555690719477
7.191414042825097,3.5492478908348497,-2.449781603926944,1.15332866213718,6.94218961269377,1.063204711267761
5.288314716014464,9.403430282707419,3.2327717841099544,-2.4056069274160445,-0.41112050131907457,6.040838881604899
9.141353526606933,3.3355013185277653,-1.731036485876686,1.2439721382756814,6.479986413180656,2.8106075574892966
-0.9227272739808027,-4.594175968240142,3.664216732413275,5.942252812007016,2.5419390553619263,-3.294280396776818
1.0892138825391735,1.420822372066048,-1.0408823863539562,3.545296993161543,0.014940807375391565,2.1607314656535226
0.9249457409840048,-0.869030328436129,0.614372475211835,2.716802744387897,-2.2133382166164393,2.830307165163328
-0.23519205687154776,9.751170754684148,-0.5558242145309562,1.004840723229997,4.235714748282988,0.6870906659731095
10.130417665328368,4.5930253068925,7.757599005282918,-1.7511081765625065,-0.04378747595302257,4.029842972873454
9.87814793533853,3.753628141586647,-1.4082311764421211,1.8633704618403382,5.3355262256247125,2.794534980371275
1.8270170011635114,9.511081087266732,1.0812369941166928,4.87796160679084,-1.6037663871856465,9.907378821858503
9.135071879861794,2.7722646583954784,-1.3869408242336743,0.1385953652170291,4.08410260620028,1.8615149100623172
8.657422927918448,2.234417197562485,-0.5018047130848522,0.869693408650888,4.719895475820029,4.622637538035416
4.743072769035438,7.731499434584326,3.912054277196128,-2.6696721068920315,-0.04697634168370298,7.357229205552569
5.026975243920843,9.214874864835439,2.1081422501180684,-1.042471240990918,-0.477515827785577,5.660424431637404
-0.46362817760703756,-1.2480924592832505,5.446808093844243,4.352784357966024,2.8056873686983788,-3.1677180399870535
8.342885522459422,4.337686998078139,-1.888673501493689,2.1844154613240736,5.38280119830135,2.977181239269652
-1.1957125211432003,-2.854809725629742,5.030821768156018,5.036254103487025,2.7395959466883797,-4.316514063340946
5.023544473342041,9.413315556748774,2.214939250786028,-3.1238535551420057,0.08576636963210693,6.744922915604215
7.972402248587571,3.5141051758746182,-1.1049608193612435,1.2858234904039874,5.939674248027902,4.24291338240013
-0.9908730707919355,-1.5401938423812631,4.7567936034902445,6.1042028853443755,-0.14212861983593694,-2.936038711448603
5.867358595234834,9.168242432177596,3.158714813741989,-2.007345882708111,-0.4142059577777758,7.174241871798981
0.27839156256189895,-0.18717291444064332,0.8810316061788817,2.0941380365613775,-1.0258377311910052,1.8616361849055019
5.7805707021354005,9.000604405963676,3.5486862548867353,-3.722984459033169,0.35758537360788156,6.489131339883976
-0.4602414519664245,-2.4201970598514126,6.493079674919786,5.431843348669361,3.663316422691563,-2.554159026356337
1.987862468375048,2.034470528770182,0.35449883532952065,2.9267050971514985,-0.914228781513457,2.1534786743491985
9.115116069785675,3.74412618408422,-1.9304608911068915,2.9016357708319687,3.935243844652322,2.8313581313517266
9.664543542553217,2.9850773083416575,-2.372454312049263,1.6703487029019994,4.762674696203474,2.507712009470747
11.26425812793778,4.682096227599893,-0.8571903612224403,2.238362832510111,2.2489866434143653,3.423673198749563
0.588642214560087,2.0492114676335853,0.08916216833106874,1.6344244058893562,-1.4869754467100376,2.253099396328813
8.922419208397486,4.074029352341239,-2.551457308355078,1.0241032264773475,5.237898188802141,2.4211841858814895
0.47101115390451,-1.0510071500941482,5.382355419507222,4.848363368707727,4.2547927786495885,-3.8399873528022934
0.08827344135086515,3.34281608242495,0.22304967918662116,3.1740358564429108,-1.228650578360967,1.713827390208624
2.420233756347789,1.0089737408201847,-1.0342393958158178,1.5511696916729818,-1.4395418391367014,1.3794699576947858
-1.6011294173452646,-1.2648279215548948,5.98226112639712,3.5178212524925314,1.8946314566840596,-3.2871759571631727
-1.5888813495609533,-1.7159210208547278,5.80479617084521,4.0433432366474,2.78873643591414,-2.8036992342043145
4.156931603708523,9.342251516122323,1.6384782159853315,-2.449070397153765,-0.26359144017438885,8.339887738331251
0.5001919265230071,1.1237401913459357,0.7526006431393765,2.844162208380272,-1.2832218043285453,1.821607491402056
4.897162965398435,8.478659902274867,1.2444940241439806,-0.7204232479089684,0.5625140337760032,7.42656585431945
0.18408710640057904,3.5384474599019327,-0.2363006102106832,3.327660325711573,-0.4281567770599581,2.321679544595857
10.932231742801697,2.587530193803964,5.615610565929358,2.113418822615206,2.498999048601869,6.738970548235713
-0.2104759184400088,-1.4671074184414032,6.8670413042851255,6.718336097901403,4.444108982308193,-3.9822045068004437
2.6530071677734646,0.7118458511257509,-0.1582037295898828,3.3674444768118272,-0.3117714988017932,0.8828894833752143
2.0858967426130977,4.475096479622679,1.2045273583017468,1.9833147933595665,-0.39821512585546714,1.173792114000376
8.082147568104062,3.354488073910604,-2.747378228746292,0.46863613313631114,4.827836885721954,2.139098891506497
0.03950627157221895,-2.7586544086306315,5.54601448888823,5.179455592765208,1.5815497873481434,-2.7462297111009994
0.24033516355119233,-2.7768268530490343,6.42527279258749,5.758491075325561,0.4551849210635322,-2.225474646629635
4.7013052599975325,8.599841746323204,2.8641181138578156,-0.6906080305354878,-0.14664056762095784,6.984164524383433
-0.908179234434832,-3.4775737042254695,6.259504820811689,4.3628787167309735,3.435596284756484,-2.329838839039341
-2.1772187536116507,-2.631599384941361,6.654361298559768,5.6210604923352285,4.885674030007583,-3.7478998746320595
9.6788438705262,3.9808044495991695,-1.9334817260393202,0.36793924211294116,4.6880980168911215,3.5132324268151827
8.759772133727552,4.916051323118311,-2.415509516389691,1.647408878574803,6.138908754074414,3.1100330900475055
5.551331565659469,8.45309257417089,2.7810165982665915,-2.011416282359511,0.11967836601503044,7.078261739766338
6.094463480390881,9.100721110715968,3.6808992787041905,-1.0209152651659255,0.2703644433160202,6.526207324149748
-1.5258418865680987,-0.9912479648073471,6.451871174770263,3.4814033112458658,2.833652956002457,-3.1976729806111557
9.119813892536051,-2.5504658732511842,6.014150985771769,7.681284299161856,7.6328119686362985,9.405035539337351
0.6006380366255588,3.0754299213784964,-0.4862277030021906,1.7887513939118203,-2.019054479929553,1.943829614777946
-1.349514865738534,-1.1573505623810554,6.227244737011474,5.215402545893155,2.4021309053298294,-3.104906028490924
5.217937117322888,9.333972071857037,3.9528686838187816,-2.654884021328063,0.8736854271859409,6.561675756634452
1.0316140029349632,1.0019029761101688,-1.5762329609110712,1.6251865555716063,-1.5992680674105317,1.8477639418310114
4.7801581561978495,7.239005221239265,1.400888874511,-1.9727763309226551,0.49101668463192694,7.300364686101802
-0.9605262312493337,-2.7690925662399555,6.2892187252506275,5.294642068613675,3.049288427278647,-2.886610293843921
8.973308784839482,3.126431466109442,-3.0939142302122358,1.878882334075645,6.108456656442824,3.418098605437235
4.052828212144877,6.043321435568631,10.620521451427729,-2.2197026289803703,5.035461245022816,9.082402909503987
0.370007385785353,1.0393000890081032,-0.33386221761439977,2.8052147745516995,-0.8723931215857571,1.5464724757631634
-1.2327447956409925,-1.408975786231733,6.658059227512671,4.8010106115960305,2.0433419676183457,-2.9204656300281244
9.45077625365077,4.707626329822505,-2.7018341629884417,0.762718818909674,5.214895753838221,1.592957786457575
1.2326697232476607,2.034410091694614,1.3482851063140104,2.5471593911504877,-0.65696675801111,2.7119627320484985
5.66345901806629,8.494678780389085,3.232962204110426,-2.2908586359320235,-0.14722591935920218,5.009742353950135
-0.169937196119263,-0.25201636894240953,5.925118662936836,4.854483902601575,2.8189447626439543,-2.472485108420592
-1.1207408958044447,-2.761882891996104,7.362473696412589,4.946574527473207,2.6068023487434746,-2.137456869597278
10.233214703938755,5.97340959024846,-1.9353789688194678,-0.6671563371773555,5.062676050161978,3.089856162913382
-0.8240743566939065,-1.787787998267145,6.244935731370178,5.421040263807584,2.3080086325728115,-3.2336686302702655
3.7747717478050853,9.920213916718637,2.835772784402999,-1.105160044595739,-0.42122534967683445,6.581139209274734
-1.2358325581267358,-3.0674295250018133,6.156379764605995,4.119487630571249,1.675871107999631,-3.6245508405296674
-0.7895106982648359,-1.9948608864549904,5.564195512493614,5.151605704505896,2.6193889865802884,-0.09794102791695024
-0.7581818549019291,-1.4339087928631205,5.894798094024401,5.79146798019995,4.219414589401649,-3.27018732969925
-1.0996123936938618,-2.3772083066720406,6.829037453938714,5.224902030894204,2.8881707313136142,-3.8692312379906917
9.657936292753076,5.045779151602366,-1.6655399359029952,1.6753907352929889,4.700995037917541,2.490832230075038
-2.621972191581405,-1.6768334905152784,6.375613718806157,4.4369607278455,4.417531575361068,-2.075483702957601
8.228454913048513,2.722464177867045,-1.8040778516457225,2.8692692832162408,6.278623888051148,3.653626887986965
1.0221870526875376,-1.28492841662187,5.050800638776474,6.574707848203427,2.37679720539622,-2.9883584343684415
0.6494185078476995,2.946781958788399,-0.6868119494408924,3.224036185784994,-2.4944344009244417,3.637675416855071
7.368725504431835,3.596526940006995,-1.4958989255191544,1.7911467115125301,5.672359208883501,3.319733914473881
-0.5036255791793408,-1.5855326330170953,4.972199704799746,4.502539864727121,4.218543054033048,-3.5845827958341787
-2.49133569120558,-3.8801947582387575,6.747095737248189,4.163641429533759,2.177987449967955,-2.1629767172532746
5.090715513573351,9.367195201339433,2.8494380489817432,-2.0828694827246244,-0.17110013404371113,7.776252961430625
1.0209965577824593,1.5791605935545032,-0.9688475415686777,3.1991575095574794,-0.4199443522535718,2.2752848495864253
-0.22726526643454872,-3.3264575448107134,6.800442230959864,5.999987619009624,4.279013099380183,-2.8976036005097257
1.4843196681116193,2.747457161894079,-0.9589812209072496,4.07385377847763,-1.6501264655400996,1.4016174116384175
-0.9937991741154395,-1.4313591646117474,5.743092866871035,5.70106990201042,1.9463079934881864,-4.56192277127496
0.5926944977187734,1.8830811953173823,0.5232892669178522,2.8170875286239045,-0.0008941540003140933,1.6358562693981706
-0.6667091490254932,-2.397524627055184,5.71423657526894,5.5104139863482215,1.3211324741861201,-3.718253272710563
1.8243868203512155,2.674429348043037,0.5487602110648488,4.493185968827751,-2.4300525546244987,3.332097912759154
10.796323926484686,4.796982182713619,-1.3638445149605647,-0.6235333843984059,5.119296705022017,2.9330400967028605
9.41515398434871,3.337920211666031,-2.591116737384709,1.7632609218748418,4.444987880550313,4.330807242034411
-1.2906093696918086,-2.926087558985128,5.1516694324130174,4.978234326627641,1.5112777023767434,-3.652985816869104
3.8807372574524197,7.7837705662075125,3.3607701078211814,-1.194615943018348,-1.2569218808943066,7.865211269039793
4.900090491719946,9.012558236766207,3.1749274454058383,-2.3570564121874757,-0.1605114390603456,7.294008328432482
7.619171638723046,3.5397176492831637,-1.8480902492734208,1.0102014714248702,5.446893577647883,3.3885743619975335
5.527625175671311,10.413209440262108,3.8308848553670534,-1.925473329840206,-0.4087913361565817,4.957160323155281
-2.3262401238647783,-0.23022539727682426,6.959557837425997,6.244411557281917,3.026143589131139,-3.306245816667684
7.802519313894357,5.205326732304812,-2.833221865452879,0.41412417305205085,3.208270580166139,2.9801389521920996
6.411278097208472,-2.9252520124243606,10.788201925590428,9.2896564500614,9.531487160221289,6.229423518712207
2.4352606065852247,1.4250246248500642,-0.1999841966306108,0.8314731109035385,0.43536981382838663,1.5801050614393495
0.0053114286985761,-2.178034156070864,4.325373773585146,4.9075577188283654,3.5500597266209932,-3.8617741124040594
-1.0199155586358966,0.053386983242570865,5.982063999726538,5.233114997772134,2.71453982535136,-2.695165708222382
-1.3008025814223072,-1.3483443459735802,4.715532093656915,3.572606401093523,1.7302461011924475,-2.7156875701302146
7.950873508741042,3.597529307610337,-1.8154546976606538,1.9845552909641726,6.217633589732721,2.081046780841178
-1.6030111136544691,-2.0705835209221415,7.6556045670958115,4.7905497327612165,3.689371928327605,-1.0530197350213666
6.997932101135883,9.036805109389073,2.487108591820284,0.2594644728024372,-1.0551747986420086,7.016085173495279
0.541127316012145,0.13333163621168936,-0.19152743533344424,2.966363526181248,-1.3305060912974456,0.34744298201075197
11.210890992800781,4.352689539822612,-2.4472595908828376,2.349583239046999,4.920472732291802,0.6063158482658713
-1.1009776736623147,-0.6345593602465385,6.1527333990581985,5.317077957797345,2.349395475868892,-2.4677727742987083
0.2268752150181618,2.7321932359734955,-1.4984031781160527,4.278159266424036,-1.3094939753313963,2.5175297315981164
0.6735191204803995,1.5035952719683912,-1.209484445003348,3.7656098737268153,-1.950333232159759,1.9862366051346878
6.943406786981628,-1.384401984068405,2.695330078995892,8.871603706376264,2.147212644827517,5.275335327498597
0.8467291310404361,2.035604682429106,0.47750994408396086,2.53055197933138,-0.15551585563194656,1.1708793997013842
-0.6019443235481886,-1.532506821382894,6.411163889965138,4.036911320461464,3.4139794398877936,-2.064450953434653
9.471073280943452,4.2183464333978975,-1.7521887204854736,2.2831403052980805,5.539473373693372,3.2169064437323627
5.638280561105711,7.501246956836306,3.516712336220714,-2.8792358012438983,1.001826929565312,7.129039634130156
0.8238892970107432,3.3308512485211024,-0.3554659768469133,3.517804977704026,-0.3456279815941415,2.3989459682057652
6.9915162838565,3.6827114343361753,-1.3121000320040896,2.6407289410055337,4.601663555869763,4.1853697808237875
-1.8202121714692825,8.366063797656176,7.064697224467064,7.2144930892947965,-1.5966208162537205,7.048647627427232
0.8103275716207754,-1.098711776842819,6.182065243301605,5.4708071505421465,3.8634851427981203,-2.425724146710358
4.373921122065129,9.565625887688627,4.667770336984813,-2.806329356342565,-0.27180720611801906,7.185285979334473
0.6510896347561915,1.3938738296142887,0.9397719799117787,5.809707207683441,-1.3255838994882854,3.093789417210271
5.752961474005211,10.80935040280449,4.470256221545721,-1.4165194089759223,8.595829907423838,0.5259470728399258
10.244529910676643,4.0100829668812095,-0.8058398174755426,2.5653726745846495,5.053417480909544,1.6865108683093752
5.944791924244537,9.322619650429738,2.226638487437872,-2.636851310176507,0.08233391241858978,5.148764747199915
5.446557919024377,1.3680182855183047,9.737530971648845,9.185606483481717,4.815244503915254,1.5471848153250476
0.7066798185698252,1.990563520829596,1.5818253950085046,2.0338182434322247,-2.2043431617608107,1.9215212161131656
6.41962834403488,4.513549025019274,-2.382816984424854,-0.31337486647524315,5.130874119948626,2.261367806358196
6.427820031348076,9.010760291695435,2.8201175553641185,-2.743033665161967,2.3485263218622228,6.141337574221684
8.120499527732049,5.1569136906964,-2.013461454585652,1.8646371839029605,4.458212598616537,2.9455490375791245
4.597144304873826,8.879508788296054,2.3871033355114633,-2.902450043846155,0.24791582350450764,5.98113156112272
2.33895433209244,2.0767531861691646,0.7280036280954089,3.491817387732896,0.22347027796525945,1.7847886749473372
9.242347278364724,2.6538639640440573,-3.3527285378042935,1.3874318715842602,6.374798914563165,1.903214162550653
0.789910481220494,1.963284959193535,-0.3682049522897262,2.9833458570933034,-0.6092720017640055,2.3844203558188948
8.639968503005042,4.524204170901546,-1.2210893197879424,0.9087424476683715,3.8917528472821346,4.594082131951845
0.27522115324481433,-2.6797562763192833,6.030410553697389,4.854208755285372,2.083114519192026,-2.8427884181466316
0.9491231049582877,1.6555530870572983,-0.5924612171332987,2.646813400987966,-0.8042830009083735,1.2404892917791084
8.02725922636818,4.514195252747301,-1.9574296586209672,2.7874208554664275,3.967655161622391,3.625298192232991
3.8030729494682802,8.265430266792167,4.058195573508108,-2.135298148514253,0.06365882795373266,7.607059532930887
0.003791298620031469,5.876770784153766,7.652480621457363,10.804390994750015,-0.4740664908608141,7.7243625932701505
9.535777956719066,-0.7240610387112998,10.937230280264547,-1.3360639013326792,-2.7907004045406554,9.460264616082705
-0.5278943873547685,-1.931282956337593,5.094636421682725,4.412840460433185,3.957516649539608,-2.34240826673262
0.3763142224016508,2.7206732191909695,1.1144141465817887,2.210706664940503,-2.6670943891141845,2.7518906793942786
8.616955836275546,4.963182742852816,-0.5857048939955787,1.8629107429582141,3.2288028348451365,2.3580263376981656
1.7983279199196154,3.3633038415747385,-0.32733994417879253,3.4296155757628264,-0.7363106124985186,2.3398530556960457
4.093263185365902,9.279938972199513,2.28371650107264,-1.149717045573427,1.87026219631064,6.311394558638544
3.0770651191195757,10.113964753186455,3.5378347264323216,-3.2003812393304014,-1.1830216990770286,8.337812723278022
0.34161168734230835,1.7764777762290884,-1.2821252757579829,3.3985069727896673,-0.8283565299548846,2.2395730233685436
7.901761123153664,3.8311066766120794,-1.7393721423999737,1.2986544482594904,5.160884382991769,2.077407333172472
-0.942181687277803,-3.2963865516831587,5.564875937737576,5.042885206784143,2.999020233655138,-4.097294645288986
-0.9239062568534464,-1.9428770651963205,5.176015309634795,3.9512161861101585,2.078164412071886,-3.1877243349841393
0.7906614009147707,-0.4391414705337425,4.346312678020578,4.969303672920164,3.127428891616846,-2.3854741553268695
-3.042118653499387,-1.4805847910846714,6.320402567230095,4.700116975159519,2.777199565223968,-3.101422768966439
1.336391585284145,2.991761027657682,-1.3848799718477278,3.4564210405907416,-1.2111934037919065,2.1294092089329766
4.90842210256091,9.118204725920103,2.390540262672921,-1.8317063091672905,1.224267651483529,6.377524171333828
4.3045704104090845,8.991306290372023,3.1098819835256286,0.3345388440480741,-0.14731665254656162,6.095857016412253
8.78948866340026,3.866821859732318,-1.378765047426005,2.2886231278380933,5.073616509628697,2.8623361696397156
-0.35262164204105156,-1.380050222217061,4.783089921402325,5.263962042941297,3.9694198849620173,-3.5413164736613845
7.620907606920368,5.071083080728032,-3.2884501855892996,1.5589059611641611,5.9189987572568485,2.8730821959700394
11.583806848817668,5.248791900549558,-1.7803548397169546,0.6893930851004266,4.7992650819980085,1.7438707053895504
6.322647709742824,9.498469878311276,3.1918861966794374,-1.6109520053198227,-0.7987526823013746,8.298605352422443
9.488793315526648,2.734287347830411,-1.7526870188603831,-0.49959155085818363,4.015600374131817,3.584639698269119
0.18992482619668474,-1.779572572502552,4.585501274219355,5.750747324675737,1.6406249828551367,-3.2609674229708387
6.596823407407981,5.799618760051933,-3.3096368741085316,-0.9649579586669383,5.130515613004095,1.2914814967692791
5.067614780652262,8.42913226407426,1.543391777758387,-2.564618786476292,-1.113566704761385,8.363281662447294
-0.6801791223513911,-1.8235030251271975,6.188531878004646,5.324973604597413,3.3808307666412287,-3.3351388925569103
6.513753408666454,8.293024687447149,2.3815762323178378,-2.696582217314993,0.579673422978498,7.358788363357152
-1.4187081255596024,-2.8391623253683145,7.127496764817777,6.606168503943554,3.5253748137763172,-2.6734338317123987
4.7820719867170505,9.986979422668954,2.3559238551755928,-1.8492193911855177,-0.5253514765019306,6.79175276698285
-2.1347371716091463,-1.2609610147509014,7.112461672949685,5.04575617040662,3.3623390035776657,-2.1402375922602226
-0.7492620972942278,-3.0187179768926438,6.23810540205669,3.3385211537410595,2.3837603367167204,-3.2784403760917478
8.37210666221671,1.1081674010497937,-0.06531877058618285,-0.07430538622648708,5.560892722681806,1.7466088287758452
0.13416613459184756,-1.667578261775164,7.232967895552379,4.895236893919249,3.4640142495480255,-3.1481822691405887
10.125692816016915,2.8008627656517295,-2.983793917690822,1.9907980883522076,4.907658637008148,1.7092111338494074
5.787081874884917,9.100709224461326,2.618758861424607,-3.0436715550403783,-0.7148760109752964,5.6868959075183225
5.2184947474349155,8.201430193190875,2.997771111466479,-2.4264723216126662,-0.2752511653633813,6.700372679399799
10.0674169530324,4.553699925256848,-2.033040912073279,3.0609594364625123,4.901851517035992,3.2209168081438935
3.739357964477985,-1.9006193968179805,4.847550933834793,1.6490344715334861,-0.8308150052688974,8.886483185968622
0.13325654039994125,-2.7039661543359292,5.388888947973025,4.392643498168658,3.050660840628441,-3.233106088625347
-0.24003413584802413,-1.8965775788096135,5.854054743530253,7.135705028165783,1.9084161935097939,-3.6291135642413157
9.3811677074906,2.960913357070625,-1.9288944307060745,0.7668737443737431,4.610134376206532,1.2734789881365696
-1.3021072307641002,-0.7412291655272423,5.149419294083194,4.552113744766843,3.6203792272597086,-2.425098874963503
5.057283037525735,9.9537049831975,-0.9434480357110906,10.591958770147803,10.264681281538744,9.384007818815675
0.42829528012371915,2.6338000605359753,0.25209923494192593,1.6471002590284247,-2.625929175222,2.175958235141711
9.474633454014175,5.4671626696512625,-1.7104797906836475,0.09914509356681633,5.626466091777586,3.4017887457877163
10.165123739820135,4.021881320571318,-1.2465385483416713,1.617240454356382,4.754334724040596,3.861634662972146
9.717793495123813,3.4645781226666514,-1.8353921546918446,0.9582628676235213,6.4483508569292765,2.832575798316407
5.26998565978112,8.789353754497666,2.8743801372442337,-2.9681287547313264,1.2731202942102433,7.701371349108893
3.0925545689714036,9.596120691427855,3.1073331327966747,-1.6573263594714198,-0.5691697552669639,6.6924344968183265
5.558069576271359,8.331126663824298,3.246407921773873,-3.0422758108197963,0.3616542706077368,6.715220732491334
9.835424471893049,3.2362113000051176,-1.4751942036093175,2.4954136624753698,4.8356092349270945,2.882785426262868
4.227373893708832,8.5691410613627,2.6265929504388477,-3.1863875455859345,-0.6541459172841071,6.092935714554916
0.05885236454421208,-2.6132158944455752,7.466697592157637,5.639456647420281,4.54776387442095,-2.435056994857278
3.2211406656502426,8.585544784419955,2.7592157500854224,-2.5051496219865466,0.9947246377497296,7.982424167686508
6.32975400257319,5.802511859074755,-1.1655072792953989,-0.8385331224897381,7.39849860669323,5.674103892486018
4.822574877027091,9.775495441926443,2.4948779555467535,-1.957978905427747,-0.6047605653535364,7.2883533410342185
10.095058866481386,4.829283913425887,-1.581423317339917,0.6729863140065118,4.923610363733166,2.8524804353819437
4.857923204193009,9.524713710230067,3.77112554726069,-2.0160790014157213,-0.6169602396394325,5.580824307110296
-0.39257086380315376,3.794828559881853,8.622481401994223,10.308564846400463,5.879537148321523,1.9546793409654386
8.7273219684199,4.243011857009701,-1.9212069817921542,1.167362453511703,6.522297563344482,3.0767342387165115
8.192557774925753,3.0020447129768284,-2.8824590482322483,-0.4235706421811274,4.208615513917948,3.339435554810899
-0.6623805643085081,-2.222384513921811,6.339210935292739,5.030165888455175,3.204370867923068,-1.8626018999940532
7.933343866942191,5.102375420670601,-2.1664773869480216,0.5302033053738506,4.289991888329978,3.298200278098241
9.869095286245324,2.954559733625193,-3.680376391920325,2.054535763359416,5.8560958542300074,3.575060767550441
0.061784544761888015,3.103779948080332,-0.49059899120100325,4.370682496718959,-0.9451638155355759,0.7337003798332284
1.8443997978901585,1.6805562937109462,-0.46745368777293844,3.1380968783588443,-0.8399989693631071,2.0486691378622743
-0.6271434093293116,-1.584418981896752,4.930470865041122,4.312433001050765,2.0081448565459463,-5.104491027864847
8.663677631420338,2.446165814304977,-2.4245935794801934,0.7794869153423294,5.3690323314502555,3.6072565096596554
8.032157364860387,4.560717282292757,-2.280239384744191,2.2646197116221796,4.398033385627874,2.141989111367219
4.98568401839332,8.218879961068962,2.963796558428531,-2.9864810440118843,1.1127778864011206,5.915223724112029
9.009226434144328,5.25888337328953,-1.9464772021009547,1.2429373544257072,6.055536973649419,3.010344015835762
7.787075057549861,4.869551106647791,-2.133021880640089,1.849202309262218,5.380391053897901,2.4176928720688178
6.593096334733524,9.314330808438573,4.272322854858911,-2.455318558938027,-0.6376908529799846,7.032739798983139
9.706388400302224,3.5998591582141755,-0.41945815939163045,1.6784591530118385,4.281109584830377,3.204068702274982
-1.6369792899531386,-2.262915551476706,6.604894515714827,4.57572859996205,3.018816012574025,-3.436002543776603
8.662349270406851,3.6495545157637834,-2.574949955386877,0.6475551342239824,4.642892807751081,2.755315491165869
10.131810161215423,4.11485239956271,-1.5081267875580147,-0.3096333636908042,5.2322145059549,2.324415612585332
4.847807324469428,7.802042665115401,4.0905831801058,-2.242900858318401,-0.391108895234953,8.271152262755267
7.991257954603432,3.871701005526802,-0.8456504252344941,0.8472554321874799,4.230638951271969,3.1485862290830604
1.0837718852855018,1.519118297951443,0.5736347798290143,2.939805715388576,-0.8478347234903317,1.639361623265234
-1.193154055058657,-1.271087678916813,5.982602722292146,5.530438470277332,3.408855273361114,-3.8729377815831727
8.702891052801458,3.663353395634714,-1.9456485214529833,-0.3434269671216956,5.972090818756461,4.303433441515738
-2.5740704448428016,1.594060527210961,9.71465433975104,-1.6426702696141715,5.489736874413206,3.3209431476722187
8.677113595421394,4.594499806749558,-2.7557049867064927,0.6613574912698206,4.568646073080714,2.8961933188656626
1.3149011081032638,1.974930000160399,0.599025570249774,3.6275817350211588,-1.5773128888882648,2.409512655243886
9.031966559270128,5.292333214168165,-2.432001604250939,3.3337565337055644,6.570131415579711,2.8720253644714844
5.823015193138784,9.401348036135031,3.198660114012706,-1.937505811811187,0.3201886844214201,7.161322324103404
0.6800584499146494,3.2784692089597836,0.06119181682304999,1.711899519629813,-1.39553068616543,3.4695687685459626
4.194458111243884,9.038260255827746,2.5486430561116107,-3.1952302346318007,1.004116630699923,6.601861981256769
9.807956549159442,3.382543697283271,-1.28398265663574,0.4510806401946985,3.1035776239403274,2.992417112078958
0.32184820705190126,-1.9042683805623155,4.957285809364231,5.0692090959508445,2.8292176278695225,-3.205654440123376
0.33448982189143595,-2.464437090492846,6.125983730944899,4.840906150881156,2.281915510145586,-3.705847632634231
1.6619718287125875,3.4926365377712725,-0.16014435749274478,3.4678770958198313,-0.33101908341137215,0.9006544432400913
7.057596253995976,7.200454036639389,3.4869884712995334,-2.445704458057785,-0.46913211911101876,6.5041822973968975
4.0140550086688,9.761969576428935,4.351351146921343,-0.664061774876289,0.9791590025168038,6.841903625763227
8.666705113638441,4.181857916968413,-3.1746316769575733,1.7341807935351357,3.160789447153884,2.9078225000175943
-0.21885204899193347,1.0971991855640193,0.17936757899285763,3.258056855175412,-1.4399648584684928,1.749410405625035
-0.16443746162397924,0.8892909784918366,-0.6631215347892407,2.669941606764883,-0.7254440749313497,1.2791291627936183
-1.9948083354477484,-1.8270826514523872,6.348007413277081,4.637713192266027,3.0808107213591147,-2.279027304227367
9.048739154028768,1.7759801776387145,-2.1772934231899077,0.9975984497514484,2.5843326205345196,3.0241661520501903
-2.004885495535435,-1.6590950772973585,6.715910999545816,5.514229468700225,2.70680327312821,-2.7663064688847925
-0.11264525061428846,-2.015079916206376,4.718098579448424,4.430497723046921,4.1119576324747245,-3.7964521363580253
1.5806522128355363,2.6704922776526736,-0.8310005499319094,3.4493340282445186,-0.8570105911079628,1.6694572638312033
8.52927659179615,3.6500541654851597,-2.3341523814543326,1.5748688698383837,5.504866153177801,2.6092415869354797
9.681185650124114,4.502019270996865,-1.589570246805498,1.1956740632309781,4.121213111667892,4.082962771019111
11.692758162523727,4.827160311865211,-3.172983851465393,-0.7346639215329904,4.534930550936425,4.191868506308666
2.0915059502173765,2.4325388416450857,-0.18241596165339977,2.3342548642476957,-0.22064258447501944,1.745681511092188
8.689631216418706,3.3988518634040177,-1.7348013640516982,0.3536847042306558,5.177379170914468,0.9001267677809532
1.8904978704594813,3.1339671521074295,0.1600063684460641,3.1275849320207016,-1.750272530417607,2.6070044621633017
-0.8546286631975227,2.521106930134337,1.2509676617437824,2.726616196632203,-1.634533732125695,1.6064665351600707
-1.2626169186899785,-2.282489145847992,6.725425532037614,6.0503115485761825,2.8072762614766313,-2.8359790255716164
6.338753508498388,9.353397389102046,3.9816276776390978,-3.2644831526473355,0.9956521282842046,8.7851991288222
3.9432973156981457,9.617121435923014,3.0008879557498345,-3.235547078598595,0.39430717748149585,7.666882563869879
1.6506876368072991,1.5916325484455043,0.5843059112745883,3.68165412207965,-1.5828689022296865,0.9888237911774046
-0.30006560330204574,3.287311938963135,0.12785023043459975,2.549206702828128,-0.4409033077548572,1.8534083802865031
1.3244636934500478,0.6743122510324199,1.0709019484874918,1.5596367944179172,-1.1984375387506703,1.761846766965084
5.894905867323369,9.010434699501563,2.85659917971447,-2.0880043989608414,1.0336482674612182,6.400662618717407
0.8953092646513677,1.7369123155955415,0.8212350505926733,2.8728362431145147,-1.0576549346805002,2.476903839395396
-0.5497756677194476,2.326086612862003,-0.12956255440921013,3.18269290164247,-0.8621896936680311,2.8916374283331643
0.2564187568154515,-1.1387477956802616,6.2499428371837125,4.673215751449323,2.9884242942656543,-3.323003603180357
5.024089471737439,9.960523702774276,6.03483872550851,2.8063012354199124,10.024916479862949,7.98836176742912
0.014093934871014641,-2.713121948634403,6.785118889952431,4.5501778140900475,4.122787805807693,-2.6372404647631944
8.987418617182403,4.722683441205961,-1.2165136784078971,1.4426241892333453,3.275495213925214,2.260667210643276
4.794159999505768,9.865689850394512,2.896772707896173,-2.6813297394675146,-0.6071765591226757,6.217007330952187
-2.2619401924120814,-2.570094210475357,6.440081823657952,4.246793651558406,4.159892306098558,-2.0999381741073395
5.1323229282397635,7.89438594504605,2.6131062883556506,-1.3265753801727898,-0.840976023826002,4.974584546999349
7.852064181790622,4.033601316643989,-3.8497041456719603,0.1208369843786683,6.944593993597023,2.6545313528599275
9.284629191672753,5.010959206419031,-2.5758418716989406,1.3404624464836563,6.745550710145013,3.9213180488381534
8.583345212121742,3.7401525829968745,-0.41662211847046704,-0.4480634286431249,4.613544769244074,3.9065657606837014
0.048648549055801515,1.1352831852461807,0.6053469559043886,4.082014902374107,-1.6756318243326687,1.9597157231490439
5.444753161316674,7.476044436791489,2.6529012296166488,-0.6222759217534442,-0.6136539643202402,6.516929362005451
0.603463178380425,2.936556745408783,0.11962677757524659,3.751931299640603,-1.2716032483447768,1.7608575461496876
4.026482631727866,10.090701210830671,2.515875011515202,-1.271665200251544,1.258987373244085,7.3653504085843196
0.890852071747898,3.591046152564661,0.45154709372492935,4.658612743474186,-1.5859576017233852,1.4294491310959234
8.443071192315038,3.3399680432741725,-2.699484779160807,1.7085603148566448,5.223787366557843,2.8020342443694712
5.016333733770335,7.827460914126324,1.5847597570084808,-1.7066028736861945,-0.30709979306462626,7.161824326096975
8.433529499397903,3.087335424339229,-2.045546956786807,0.354575496005447,4.676490780416364,2.9191204271088735
-0.849670693073983,-2.3521693604538805,7.117334094601972,4.4166640192311055,3.83099811807017,-3.4973654778751158
0.32618781864537444,0.46981123173410927,-0.7245516531090633,4.3548740404576165,-2.129802504117544,2.3178145141980893
4.643479757576004,10.643054952069278,2.3499633839024114,-0.3157620564333505,0.027910357671526855,5.899591288345006
0.3734199284760879,-2.4784968434084784,5.859129811834855,4.811807173227753,3.312704185584739,-3.371149505692616
-1.3229067611609129,-0.6414263602190112,6.639189354702681,6.194372733414223,3.2947007148661314,-2.6550653630132404
1.9491999208918873,2.392473759614525,2.934441972622281,2.952393595125596,-0.6554239375406962,1.5685177324556618
5.515299014280087,9.065591051059776,1.5980983238872026,-2.6885833307162708,0.537911470089106,7.133324653887875
4.93033221908548,10.503899639536806,3.416604896286969,-2.2622451679012183,-1.1408144936963616,7.3150985745317945
0.35749811131006004,3.521159870011362,0.8328582817170519,3.028603411345432,0.5562032912625806,2.066851319674564
5.023352403148454,9.558379224104078,2.0139677510237757,-2.5475933844902374,0.3658594248694124,8.678577179637397
4.403246298819519,8.470766845987766,3.602735570801945,-2.4916310269528763,-0.6850788146249632,6.510693010644353
8.402239667223572,4.168999660311154,-0.818640776746427,-0.19937711540993375,3.9751938466628722,2.4794950920294117
1.4158119789363564,1.8467957975674305,1.554573532555762,3.198772985213514,-1.4634633333886213,2.783968155961036
7.858709595243946,4.657060068759008,-1.7703585836101305,0.07805047293493916,4.532442890179317,2.98486993063903
0.06359053094746465,1.8341857644990474,-1.578677006402419,2.014404553257959,-0.033233147038926256,1.174385660427089
-2.9867974046151353,7.600108124304149,10.792902562755312,8.338783684285266,3.442892654192615,9.652741659587491
8.55196614056629,2.9953029003457265,-0.9693422040125352,0.3481378659660408,3.832751440505517,4.0514633190081195
-1.5652867400368173,-0.9679380278354309,5.5129721057220085,5.84189334402383,2.8041532761519514,-4.0271232813728846
1.5741070643501458,1.7419509427148834,0.27743475650624266,1.0590593730304907,-0.7441079954326917,2.1960486915609936
1.631191723343869,2.0602836270368594,0.6501491354953502,2.1949205797772504,0.28201581181937124,2.6278610336591943
-1.1043676023657465,-1.9185727832148018,5.044577742978983,5.478701893201783,3.6257642540869868,-4.019786409452641
9.39440853272418,3.828543175026866,-2.7564856664730337,1.3517457268750306,4.970698856781731,2.2321707347928026
9.25564770385043,4.795855629654046,-2.5316538246674947,0.9292835242199172,6.594640641216315,2.9972798048908875
-0.7938969410695533,0.1546865105937953,0.5306485920228244,3.2402208688404546,-0.6052040142840238,2.1210255578566217
10.066718830054327,3.67808685886991,-2.2741775133644233,0.9090718271763248,5.774124900678212,3.630959077022913
5.501147737963155,8.93607323786996,3.164060271387704,-3.2987060239529953,1.5107495516914053,6.868606411974374
-0.5502906401031706,-2.009023617750137,5.553299193910668,5.689034489066102,2.51937078787869,-4.850408326449853
-0.4121966247481123,-1.7033796394673364,4.026492725337949,4.530041059278799,3.515791902623684,-4.231705681732842
0.6216771506923107,3.13192480001936,0.34688931456713595,4.15349329510551,-0.35488108180944994,0.10391411774045375
4.760943928776637,8.713404497673993,2.558190998309913,-2.877714919703051,1.833529013454949,8.49396960332908
0.36177268632127846,-1.5886992400528064,0.6429591511005506,-0.5213938766024364,-2.600719652258925,9.730258049684691
5.778980984681894,9.23903822425741,2.381235324773256,-0.4810120149158089,0.06961318431390925,6.171085142419843
4.0062027731606165,8.099530308774424,2.1230237401051477,-2.0542971053595855,0.3453053037100779,7.591740374494267
2.706771165195504,2.197805891082015,1.2532907283533616,1.1557885021917598,-0.2672474650008832,1.3560348626675112
1.1243185357624488,1.525035598374686,0.3636527557134759,1.7882670778609973,-1.2938085001456152,1.3221342880367006
3.554366884054547,8.780123759464166,2.962991026186926,-1.908718806218784,0.04950668230970817,6.257957335350618
5.067573429111958,8.144596404995935,3.765036001673077,-0.14026135531774553,-0.013604859587064791,7.404016870619014
4.865292062021718,8.73919000334652,3.3122929555163005,-2.12312418157975,-0.2563080475494355,5.576480855594223
0.8295443733275075,0.6614895190283812,-0.5054463315343474,1.5926792831891172,-0.11791581843690568,2.320300439798887
8.89332431805568,5.1492593500306345,-1.4444243918589645,-1.1555909397431083,4.550324926853776,4.731899467363004
0.07282538209185337,1.9656733807781144,0.28746111023602267,3.116385838335114,-0.6264414145576144,1.4203585858584877
5.823552444741632,8.730483898571888,2.322852558832817,-1.2594622323978226,-0.26461991681844216,6.591871349079826
11.05860174640031,4.253967960900943,-2.5854749912240687,1.7706412256463777,4.872321927694406,3.080250989711774
0.21076259429471092,0.9966944857551362,-2.03051907674365,2.403125896462177,-2.0346662790557324,1.114460405200948
-0.16013955407058228,-0.6016531063661563,5.422680443332488,4.202693689573012,2.5563838315159053,-2.626800452377742
1.3003111539508574,2.0184908409989437,0.48896699767406177,1.9038687359113984,-1.403844911798589,2.981390907259198
8.534038063373236,8.052550122211956,-2.250014685935362,0.1177892040040952,4.284199237258561,2.7558600836906697
4.889534132270815,9.472908894339145,2.914422824113216,-0.4462035241949603,-1.3977773335722046,7.075696835735487
5.596288579262301,9.074818797150888,2.8698370387447265,-2.6969544240061043,0.05772258945740906,7.59058978465293
-0.56583825234766,-3.352062021972726,5.263797107300963,5.431215922407934,2.8767314956022116,-3.991200221153592
4.500391635929138,9.597584672083768,3.025193249809597,-1.44794105893071,0.8701683409262929,7.553294860097111
-0.7055344482121886,-1.9233959978286328,5.813699330138177,4.313818651347935,4.287728090343778,-4.56256293450269
9.115488283139584,4.057774006706085,-1.8422451288397323,1.7886716842608663,6.32469870497305,2.8443920716870594
3.935435894935259,7.25762581424425,2.44046836790137,-1.8706411786361976,0.08228686234586727,7.119473528847904
5.777645572591777,8.989356291697092,2.5201423813441206,-3.247029596019073,0.6554986145115251,7.339111585955189
3.8711545351471344,9.642523794091218,3.1917020145911983,-1.4135565748272012,-1.5142097420720415,7.2491926870382315
-0.8185803379474776,-2.4477279179415987,5.5401252958299665,5.766438664266744,2.4616743602679705,-1.3176984865532502
6.417990561006107,2.4198271255960764,0.518307619990195,-0.6731924846775634,1.8926376734567574,7.3852906534464084
1.2625852982801924,1.6175131639610152,0.9832486842768177,3.644357175915511,-0.07507486584866932,2.2882044669494115
4.176022180178451,9.03686337730652,2.141049072865798,-1.935133965679341,-0.38451835319059313,9.03150529822629
0.38902438586280286,1.7197837159015772,0.18506683322413886,2.0692767008489112,-1.800416793771287,3.2404556842604064
9.869935652448026,5.115166774089014,-1.8010034862080673,1.1661091439378846,5.704177122481136,4.1211148799491175
4.491672095817011,8.966965850394173,3.4448176774738326,-2.4730278310415157,-1.4772584382435339,6.6570763784667735
-1.9667593506586898,-2.2790857009882344,6.268921608177963,4.60628769818927,2.935649671776786,-2.340553334666192
9.329309145249495,4.140293410680297,-2.9729939966852106,2.9866712645733093,3.582155928289809,3.118734088208495
7.517008132170135,4.112381189796695,-2.6503000099964535,1.6184363105987696,4.590315810781972,2.7593619456299288
0.6283075293192306,2.706612698608064,-0.9266996054514992,2.18235324729605,-0.40409443766617525,0.2641429795251389
6.494882575330402,9.027846032399866,2.3582404735718567,-2.9177276088093693,0.8719239672726641,6.543052820732651
-0.4985530125208766,-2.2180873981926075,7.27476472531774,4.5338419073616025,2.7374669409628964,-3.40199954648916
5.690822594017217,9.137175454072313,3.922118482609354,-2.973923034797562,0.3743603377054814,6.06377543488258
1.5052618448629684,2.5457852123210643,-1.2475421496947143,4.304127208151316,-1.810582406404908,1.3094416187973208
-0.70588382776954,-1.7794121003613856,6.240811989710351,5.992475367965852,3.659595577049744,-4.027576573028175
-1.0975938982136813,-2.0672080222547544,10.665115607100546,10.39788476418618,-2.153888370832103,3.20554818064947
0.19153562875092645,1.5412428603333799,-0.7338239012453582,2.1908000114154955,0.07895176704022065,1.2890665772405665
4.396910309047231,9.306122841181994,3.899946036242593,-3.394217579104833,0.32755082451380185,6.778662582624683
5.033029964469952,9.829727118926595,3.267550811878817,-0.8175424813148447,-0.794871612475229,7.108739653774679
-2.464930793858174,-2.1028761474264797,5.128204093842835,4.628961496580173,4.237797649525323,-3.0457722545598993
5.629124969596654,8.552362971768424,0.7335757678858079,-0.91264840466878,0.6084048956673143,5.605641975610668
-0.974823419190979,2.0835718615745313,-0.2266904771070545,3.584208126053943,0.7484013117453536,1.5643486826049815
2.3407746465885233,1.53402198945926,-0.5561032218591423,2.0443970514359524,1.0126696587634165,3.246025194362349
6.102773884363047,8.462790234415563,2.95617731172894,-2.7379303878751626,0.005890145138853708,5.817162450400961
9.875523607178613,4.695139895904361,-2.8024271944228096,-0.059505435845387034,4.267472316172728,2.971717351292888
-1.6707582709152404,-1.843113266626451,5.788014309172312,5.095584330295326,2.867630702465468,-3.2996493716175603
0.12632294119320822,3.2712026614322793,-0.10824353118228186,3.0145163657205187,-0.9480030723878384,1.3558969876541247
8.180267878189715,4.843330109861451,-1.8281151657486705,1.9185508237936642,6.025386564543962,2.5400856728643264
4.221788386591999,9.32529762737814,2.861896692567332,-1.4890582880957592,-0.050858831348897175,5.8392576871110204
-0.37551764830747725,-0.4582222835515595,4.8067059440785265,2.235070023033126,3.2065432241700913,-2.8952627951567087
-1.7939918312868752,-1.6004485985408736,7.929920376222038,5.045756819087332,3.8923395535636955,-3.8648237928453675
4.487134986769315,9.527243475130735,3.821515694606332,-1.5203379670037154,1.2950301117286944,7.332661303564274
0.9331780006140755,1.852216305773135,0.03653862854066878,3.6808490350561405,-1.606531912056636,0.6272502189355399
4.7078072180081225,7.663064182004748,4.628698828145434,-1.624817537481226,-0.39356552389558647,8.062445511189575
9.290741096951178,3.639312530522541,-0.3379232589853316,1.0527755162978227,5.150223354936872,1.0375597751531496
1.6153051792752253,1.9500973740975864,1.0444441836546083,1.8580746831820298,-2.126957002717906,2.6892285421935958
4.88919020431422,8.660887966142118,2.7558489236153987,-1.1624705644094884,-0.2681952654944214,5.927148229358745
2.521008940243384,2.9804797320410454,-0.9932740841244582,3.122068807898358,-0.09036805187250052,2.674139550073435
0.4772584424381482,2.117408700879809,-1.1873897224017866,2.452846397443334,-0.652905999577686,0.501243799580793
7.260598028063263,2.947519923003587,-1.2476751069725633,1.3588897599468526,7.963108456306708,4.075657468825899
6.520214739448772,9.818445244201792,4.314833207296424,-1.687097698453819,0.9340078583891569,6.42082821562577
8.91735353197336,6.099758398326558,-1.451028082938533,1.3246885816350844,4.91989756502618,2.296878945334381
8.922006603414944,5.37089918830977,-0.9669250154014846,2.011847083639415,5.184564352545378,3.8891717235343966
4.843371783225135,8.166182729562202,3.4563369386886365,-2.2651450970252025,-0.41493337569696814,7.682561236041243
4.97960469713184,8.826272954290515,3.0466962326543165,-2.4830871449895637,-0.27456474147443016,5.331366048875997
0.39747193741977094,2.247699159882047,0.6694889620631745,3.5309536360994485,1.2045138190622902,0.9413270687690581
5.827104843939367,8.674031914166719,3.726369850901639,-1.9012161526683247,-0.09942862172994904,6.830892616145625
4.155175360026666,8.794443899902575,3.246265898011108,-0.3454191667953409,-1.1182443827394377,7.962061204180182
8.821347880967805,2.153726740649924,-2.8758917171492806,0.8085700307674497,4.5510259188709385,3.0086501773089185
5.597289091681726,9.260462253429656,4.82066034211811,-2.6817797143978592,0.41448136162398064,6.57663919215079
5.937448114619076,10.198478106790228,2.347076008777565,-3.1640436840724413,0.24156872013741176,6.562073981786502
1.3526593191976648,-0.06074399481336688,-0.495556673941917,4.869909419627499,-0.06742765504728024,3.3819216049410716
9.037311174662161,3.5003246750520196,-1.3527325135595119,-0.8587273710936716,5.909651539558825,2.289813050558288
9.80151431887701,4.977315301051468,-2.129531407722434,-0.3852570895073024,2.7018884128702547,2.481319417864282
0.8460759281089381,1.0435008552804519,0.5304144396403375,2.7647734959058203,-0.8531107704753814,1.6675822009580936
-1.1555707256698877,-2.506573059477998,7.403727791801515,4.983838322819464,3.072281499011346,-2.9384118924430283
-0.8136853895198726,0.8737275147641961,0.6569203435945868,3.2838076730105885,-0.5557117912245209,0.3389783282082549
10.434540208717003,5.383980491172018,-0.44695892370735146,-1.4819863357203054,5.719351449290835,3.5422987693057415
-1.2474621054324255,-1.6714297585496432,6.513512718987929,5.612842411585021,2.2453618804315454,-3.730727266442006
4.923910681839387,8.73356990475699,2.7516872068979477,-3.238241245047225,0.21140381088587096,6.967732871828765
4.907912244861409,8.723264536762263,3.7113230598302445,-2.8974008822847104,-0.613491230403642,7.054457815398897
5.335007968101997,9.176466830189888,1.9832386231261738,-2.3028637945705235,0.7189353282713394,7.0301572584991385
-0.8880236975196316,-1.9426534881029283,6.347319335523562,5.935051855060447,2.0542715678920485,-2.4525188910943343
0.8685670548323815,3.1613390761324034,0.8084536704252364,1.8422992679853465,-0.44737691746736774,2.475553530680948
2.529545007404211,2.9702030354367293,-0.547995544029305,2.1748639424335363,0.24437774209777335,3.4940382405351347
5.06046109813603,9.839091313500289,2.976626875316812,-1.379907902728731,-0.8364235885392426,6.978991365384118
8.071523969624447,3.8775651871965864,-1.969195302509564,0.8716513242631222,4.409112637569178,3.2882291303452953
0.7089121634058828,3.3023319139290828,1.3198101535416604,4.143374814523098,-1.4160315520727662,2.8168564491201864
-1.504871338472103,-1.9299447637959184,6.707015782391051,5.380868700524704,4.148462193072639,-0.8846265085370468
-1.6759325553709528,-1.4898192057241748,6.101945506731914,4.1558472997526765,2.866420590807455,-2.9378666343700965
8.88598388475042,2.6189926925470024,-3.3750628849187114,-0.34819750211529343,7.479851534907937,3.8599814402736135
5.234830023974912,9.199534150148033,2.738661401992765,-1.9001983202688524,1.212355846681798,7.305387335170008
9.31139279264093,2.6176973908632384,-3.3362840885849714,2.0124384368294956,3.237875860955935,2.6804264417091628
1.2523527740019829,2.325836131273147,0.12900949433630043,1.9842393026885743,-0.5789559472876378,3.8731426658900507
5.472595468408261,8.823909014996136,3.0509192491972144,-2.297423209218791,-1.182089925535556,7.206080685918503
0.7991563292371983,2.489247134732117,-0.1465858088924218,2.05327656744988,-0.922217123092428,1.8072429165780497
-1.473448749533467,-1.2536586675063524,6.102865627449423,6.598454510247334,1.948140131488054,-2.7179940506572664
4.426741209260716,9.647675548777508,3.4247154513727596,-1.313488743252787,-0.09850914828181409,7.482064214382673
4.05686120696134,8.824264438119231,3.487620836166881,-3.244298987072994,0.16067607449256768,7.080632858115845
5.380470748742866,7.602483446923556,2.5689913301231235,-2.2039575763228716,0.20493648455542246,7.9546488047417006
5.771324707337583,8.755644238046655,1.6166536883972638,-0.4376660940083913,-0.04887800640469451,6.4009601631839566
2.810643396798364,0.7677771163854819,-0.6199491548921313,3.128473502440461,-1.3498448418435047,2.359458874350665
2.3448261216306987,2.3927016695739574,-0.6430630791651648,3.807276994758427,-1.4799742600850838,2.203128324030371
0.8910129803807855,0.19389918101016682,0.24425188289792799,3.9514736990864243,-1.8876020376542673,3.2767010177526656
1.619440060645762,1.0807034396072672,1.4628886732429023,4.266773811784534,-1.3186553921803803,1.2225218907142616
9.781186194802393,4.268618710415828,-3.1698930256252877,0.8548623808116896,4.9268404040185345,3.7616903369259624
1.1060960554930197,1.8457841064767433,1.0122262711172063,3.6572943053309963,-1.0725092184811338,0.24355352581386236
8.592893031245836,4.120118883075122,-2.7999930946950364,0.7297716809727122,3.944382528050294,4.0654244322762585
-0.048329845404743145,2.5481887457984427,0.33300256158932906,2.3749605425751033,-0.6695468557899094,0.8888667987941845
7.920704063320345,5.287970499583195,-1.3958794940152586,0.45234189462861585,5.2196572571580555,1.5214213323270107
9.072363510990797,4.214543344956964,-1.2784709705428092,1.1073159146619609,5.755119243972559,5.504616680271569
5.780832575484757,10.119589141577874,2.497076555940344,-2.2220108950881867,-0.8290473978990163,6.8372310871357564
-1.0292135912030134,0.14855528022570175,4.81387821379501,7.697302002981742,5.670918283108185,0.24987477920218626
8.995378311096477,4.370807185541686,-1.6097792156815207,1.6085846453501782,7.776284116153058,3.039691757331851
2.37643012751333,1.9142431875694959,1.0751070880657159,3.828652961604504,1.0645795549638333,1.885467782087953
-0.6772033499899105,-1.8026462464731354,6.340799029585903,5.711808609365643,3.4990082120485653,-4.034096235772482
-1.4248935483689715,-2.662526232727242,6.656501591614944,4.251856079191582,3.0751474902650795,-3.3001893651419887
1.758548120255588,3.085832139873549,0.17060747079116798,2.1065113418233614,-0.29726611496727606,1.4378591839084938
0.13806257599923563,2.584965409538498,0.9535324771560051,3.461219864571348,-1.0667143957870395,1.7820656967584623
8.462325418806557,5.068520883386944,-1.826695300714206,0.043722542434867284,6.649066287200487,3.626490401510558
2.0368282625285645,3.639952054456136,-1.4424085303727348,1.9059618036411765,-0.961225292778053,1.7691041175024136
4.64163092924002,8.028155091289085,1.2333753790173982,-2.1844691188188903,0.10868753926532551,6.9579959451690785
8.777184300280318,4.242302274663848,-3.3735563919321288,-1.412992688075883,5.468575069953961,4.316546172184689
8.60726263721154,3.7656298768051304,-2.021426553726564,0.9715921377068356,4.044513502728806,3.369331021156131
8.846488536206802,3.7589457496833316,-3.2723949772052183,0.3694569042619845,4.739230153743931,1.7614368109653329
8.226274820490405,5.5380654361054695,-2.800757552726218,-0.2644249196175634,5.523777211558679,4.2305604288692065
1.146009876472065,-3.1870854912855475,5.9424052203053765,6.039196236933625,3.4496983351890362,-3.402505222562312
8.377346801538629,4.110368856716915,-2.0085682880107663,-0.9890393071510153,5.408304463417837,2.689441909321418
0.633552430713059,-4.4537143834539545,5.57784165373445,4.707834873621732,4.238375721011156,-2.5960045120792063
-1.3838228426745847,-2.812634527411779,5.974695929610255,4.911075607493184,3.916140894744127,-2.922430320217448
-1.9529939223247916,-3.983919429810825,7.062029412201083,3.7493665187781833,3.523410018317375,-1.9951715814668316
-1.3936728518120036,0.07598288666673905,5.980823964866496,6.153275212636775,2.1398719765624823,-2.6185043550936085
4.3512848510398,9.293451234628353,2.407607914934273,-1.3081404492071906,0.1211224383613861,7.238761451185152
-0.7370836669361112,-1.861035860874833,5.607976086929601,5.354110777546939,2.344529846926364,-4.03955524359583
1.7926429492058356,3.5241957116438196,-0.24285648660463516,2.739572017393954,-0.8586601775121957,2.917447379264189
2.2907194509102258,2.2246261056102523,0.693762549667721,1.4162167018401364,-0.03998520215694747,1.5306629191798091
4.884097150441691,9.03443269668031,3.8182731772406115,-2.1523569487433734,-0.4592660616698157,6.775099612089531
8.462331866365128,-1.2554010920947034,9.007183835385582,9.565123691516956,10.253910810474434,2.564831893916789
0.7170345896017631,2.8624595867345017,1.2509598301990414,1.6436352691394516,-1.4611663784437272,3.9980168609809374
5.347952830694319,8.684810655005503,3.430214552294787,-1.7548884143412689,-0.798645420232844,7.415034413961377
2.3787099248900905,1.8269308693738262,0.20236393444107437,3.4369180721820674,-2.1283301169083986,2.416399523137899
4.882127818702795,9.771140338444457,3.1995607567440576,-1.6806174456485383,1.9937471988805495,6.779902857395963
0.4293491171233852,7.215794784254093,8.35421524904897,9.025809474449636,10.882319299298334,1.116555940559987
4.614149143250958,9.879186685953572,4.56786980379574,-1.6395095604548893,0.0662183230283406,7.029426266539388
1.0886165353667823,3.0086637003349863,-0.6086737842449634,3.8669204886478896,-2.8551929103470277,2.495887991814182
7.986631992408676,2.1644535892116847,-0.3954924198345986,-0.05760220078492795,4.332715264543719,2.319417113933322
5.0350630395683424,9.764642196089985,2.612593318455336,-2.0367430629921284,-0.013254727858016062,7.546659609212874
-1.542230498862489,-2.745134821606059,7.0095658353021815,3.9152207375440047,2.1813946535999316,-3.5934793868815675
8.592322388425513,2.1664904560081544,-2.503364093250508,0.1353978588820065,3.5056536924986,3.9130920305297794
-0.5101791683243393,-2.1696085932157003,5.740325805731581,6.15804402639803,1.5213680710273159,-3.0436749617101353
2.658386235595008,2.5282570620650375,-0.7213130736567555,3.297729832733781,-1.2739687717040304,2.21794174166711
-0.13400809693280008,-2.9769700996860613,5.777121134470699,5.169716065806952,2.2004096512661,-2.932778850980411
8.165686925959427,4.583442978498067,-2.1534880319689673,-1.0598049874083224,3.4138983411780366,2.33702121991078
1.1327868206787957,2.069289577752404,0.9167159728674367,3.262029877412436,-1.3745366702753035,2.3697642839894146
9.802804058213221,6.896518605519746,-1.1194923361214606,1.4960884962925647,5.721092796486096,2.6718846668314575
-0.06189451809230362,5.387390551438534,-1.754986681429666,-2.185651377907054,2.2114341326049995,7.089302363110073
1.8485615545594567,2.999314081922864,0.974945919119595,2.490233931333763,-1.5212801419491913,1.7975240306405165
-0.9389988851102589,-0.6237317894371286,5.34654312694047,5.236603278537305,3.2320424714012574,-2.0293091558636056
-2.141766829981747,-2.7230006677115637,5.572196822708359,5.988114191562754,3.731645107293655,-3.3825574041669637
8.916018131193827,3.949290780134516,-1.1340733816948982,2.0014686255341387,5.770638678950139,2.1795421504443313
8.265426613427426,1.980186667661766,-3.1953167981905866,2.2353486507529103,5.719924506773107,1.6500139534850062
0.49524957601126435,-0.35858889099136937,7.243655360382965,4.894282129636242,2.657660250299077,-3.6622890425870103
-1.6891232650781536,-3.538458909136571,6.749295885331953,5.133234386948026,3.203242898438697,-3.0445725605529383
-3.309512382036696,-1.4048147941501965,5.4239418994719495,4.714829284825909,2.2029559464375894,-4.162322972763869
8.112654372495582,5.359887546588408,-2.4774575234471183,-0.6359888354397742,5.2234236422467895,2.629885805106086
8.786162576862058,5.3127731179900595,-3.5103047544702504,0.9424179834512787,5.135246540351232,2.223317139900885
1.87317714401677,0.9155579588947653,1.0327852922345055,2.3443306013870826,0.6033830137703402,1.0952245788666801
0.7783212201698737,2.627999210910091,-1.2664115955536654,2.665314155230134,0.43604884070985356,3.4707757399194583
7.764162258647775,4.174375385675017,-2.182662039863701,0.5637582298831834,5.083189716721514,1.4798242944415558
-2.369097903691372,-1.722175454306262,4.848999970676022,3.3625010778341853,3.2688064291823484,-2.5180114733375514
